seed,region,degradation_mode,degradation_severity,accuracy,balanced_accuracy,macro_f1,weighted_f1,recall_attack,recall_investigation,recall_mount,recall_other,f1_attack,f1_investigation,f1_mount,f1_other,support_attack,support_investigation,support_mount,support_other
11,full_body_both_mice,clean,0.0,0.8095962389380531,0.8179788961038961,0.819290347272398,0.8084254636788081,0.8525,0.633,0.8969155844155844,0.8895,0.7697516930022573,0.6967528893780958,0.9216013344453712,0.889055472263868,2000,2000,1232,2000
11,full_body_both_mice,jitter,0.02,0.8098727876106194,0.8183847402597403,0.8194726028292738,0.8085316402978692,0.859,0.6275,0.898538961038961,0.8885,0.7710951526032316,0.694905869324474,0.9225,0.8893893893893894,2000,2000,1232,2000
11,full_body_both_mice,jitter,0.05,0.8055862831858407,0.814275974025974,0.8146604613649587,0.8032699969373309,0.881,0.5935,0.8961038961038961,0.8865,0.7694323144104803,0.6778983438035409,0.9219206680584551,0.8893905191873589,2000,2000,1232,2000
11,full_body_both_mice,jitter,0.1,0.7773783185840708,0.7855811688311688,0.7838717577075318,0.7714900784257281,0.917,0.484,0.8628246753246753,0.8785,0.7417593528816987,0.6027397260273972,0.9004659042778483,0.890522047643183,2000,2000,1232,2000
11,full_body_both_mice,dropout,0.05,0.8095962389380531,0.8182905844155843,0.8195348437169242,0.808546023523218,0.847,0.637,0.9001623376623377,0.889,0.7687769457680962,0.6971272229822162,0.9230129005409904,0.8892223055763941,2000,2000,1232,2000
11,full_body_both_mice,dropout,0.15,0.8084900442477876,0.8172126623376623,0.818590303560788,0.8075895633116116,0.838,0.642,0.8993506493506493,0.8895,0.7672236209658961,0.6961236107346165,0.922180607573866,0.8888333749687735,2000,2000,1232,2000
11,full_body_both_mice,dropout,0.3,0.8083517699115044,0.8175551948051948,0.8186700709967691,0.8074741969757024,0.831,0.645,0.9042207792207793,0.89,0.7664284067327646,0.6950431034482759,0.9240978846951472,0.8891108891108891,2000,2000,1232,2000
11,full_body_both_mice,temporal_subsample,2.0,0.8090431415929203,0.81724512987013,0.8184657755141016,0.807900988438334,0.8495,0.636,0.8944805194805194,0.889,0.7719218537028624,0.6943231441048034,0.9179508538109121,0.8896672504378283,2000,2000,1232,2000
11,full_body_both_mice,temporal_subsample,3.0,0.8090431415929203,0.8178685064935065,0.8187377080119946,0.8077388880444898,0.851,0.6315,0.900974025974026,0.888,0.7722323049001815,0.6912972085385879,0.9223099293726631,0.8891113892365456,2000,2000,1232,2000
11,full_body_both_mice,temporal_subsample,5.0,0.8030973451327433,0.8124935064935064,0.8132649515678775,0.8017662693398174,0.841,0.62,0.900974025974026,0.888,0.7619479048697622,0.6800109679188374,0.9215442092154421,0.8895567242674681,2000,2000,1232,2000
11,head_neck_both_mice,clean,0.0,0.7836006637168141,0.7841152597402598,0.7932341865075074,0.7860037988732421,0.722,0.7755,0.788961038961039,0.85,0.7384300690360521,0.7180555555555556,0.8613203367301728,0.8551307847082495,2000,2000,1232,2000
11,head_neck_both_mice,jitter,0.02,0.784983407079646,0.7853652597402597,0.7944777095351356,0.787460358095578,0.7315,0.774,0.788961038961039,0.847,0.7430167597765364,0.7189967487227125,0.8605577689243028,0.8553395607169907,2000,2000,1232,2000
11,head_neck_both_mice,jitter,0.05,0.7853982300884956,0.7848051948051948,0.7946173872859648,0.788220677391211,0.757,0.7615,0.7792207792207793,0.8415,0.7450787401574803,0.7178882865896771,0.8548530721282279,0.8606494502684735,2000,2000,1232,2000
11,head_neck_both_mice,jitter,0.1,0.7714325221238938,0.767426948051948,0.7795111559453441,0.7750250810982333,0.8165,0.697,0.7297077922077922,0.8265,0.7277183600713012,0.7008547008547008,0.8217550274223034,0.8677165354330708,2000,2000,1232,2000
11,head_neck_both_mice,dropout,0.05,0.7834623893805309,0.784224025974026,0.7933564279683848,0.7858973474610496,0.718,0.7775,0.7913961038961039,0.85,0.7371663244353183,0.7177475190399262,0.8635961027457927,0.8549157656525019,2000,2000,1232,2000
11,head_neck_both_mice,dropout,0.15,0.7809734513274337,0.781974025974026,0.7913192350492633,0.7835218075054885,0.709,0.776,0.7913961038961039,0.8515,0.733195449844881,0.7124168005508378,0.8647450110864745,0.8549196787148594,2000,2000,1232,2000
11,head_neck_both_mice,dropout,0.3,0.7746128318584071,0.7763798701298702,0.7855839298467131,0.7771520102107425,0.68,0.779,0.7930194805194806,0.8535,0.718816067653277,0.7041807909604519,0.8649845064187693,0.8543543543543544,2000,2000,1232,2000
11,head_neck_both_mice,temporal_subsample,2.0,0.7858130530973452,0.786349025974026,0.7955931562941936,0.788412201767455,0.7355,0.772,0.7913961038961039,0.8465,0.744621614781068,0.7179725645198791,0.8632138114209827,0.8565646344548444,2000,2000,1232,2000
11,head_neck_both_mice,temporal_subsample,3.0,0.7862278761061947,0.7868798701298702,0.7969941567808857,0.789365508859499,0.744,0.7665,0.7930194805194806,0.844,0.7496221662468514,0.7107093184979137,0.868830591373944,0.8588145510048334,2000,2000,1232,2000
11,head_neck_both_mice,temporal_subsample,5.0,0.7822179203539823,0.783176948051948,0.7935960041771137,0.7857418925263058,0.75,0.755,0.7922077922077922,0.8355,0.7457121551081283,0.7026523964634713,0.8675555555555555,0.8584639095812998,2000,2000,1232,2000
11,no_tail_both_mice,clean,0.0,0.806554203539823,0.8146055194805195,0.8150865811685475,0.8063515441288428,0.7275,0.7415,0.890422077922078,0.899,0.7503867973182052,0.7262487757100882,0.8973415132924335,0.8863692383534632,2000,2000,1232,2000
11,no_tail_both_mice,jitter,0.02,0.8053097345132744,0.8132467532467533,0.8138641046704173,0.8051820479090652,0.7295,0.7385,0.887987012987013,0.897,0.7493579866461222,0.7245523669364728,0.8956201391731478,0.8859259259259259,2000,2000,1232,2000
11,no_tail_both_mice,jitter,0.05,0.8055862831858407,0.8131071428571429,0.8141644662579208,0.8057548298405823,0.7435,0.7315,0.8839285714285714,0.8935,0.7496849004285354,0.7238990598713508,0.8933552091878589,0.8897186955439382,2000,2000,1232,2000
11,no_tail_both_mice,jitter,0.1,0.797566371681416,0.8042987012987013,0.8072005220243205,0.798319161531328,0.797,0.6745,0.8676948051948052,0.878,0.746954076850984,0.699870298313878,0.8908333333333334,0.8911443795990865,2000,2000,1232,2000
11,no_tail_both_mice,dropout,0.05,0.8055862831858407,0.8135746753246753,0.8140923494780219,0.8053865444923297,0.7245,0.742,0.8887987012987013,0.899,0.749224405377456,0.7251404837527486,0.8960720130932897,0.8859324956885932,2000,2000,1232,2000
11,no_tail_both_mice,dropout,0.15,0.8032356194690266,0.8109821428571428,0.8116751556102971,0.8030789295703634,0.7175,0.744,0.8839285714285714,0.8985,0.7456482203169654,0.7232077764277035,0.8926229508196721,0.8852216748768473,2000,2000,1232,2000
11,no_tail_both_mice,dropout,0.3,0.801299778761062,0.8091542207792207,0.8098618217840133,0.8010823836042819,0.7065,0.747,0.8831168831168831,0.9,0.7405660377358491,0.7213906325446644,0.8925348646431501,0.8849557522123894,2000,2000,1232,2000
11,no_tail_both_mice,temporal_subsample,2.0,0.8062776548672567,0.8138100649350649,0.814973730290466,0.8064459274124061,0.731,0.7445,0.8847402597402597,0.895,0.7520576131687243,0.7251034818602387,0.8952772073921971,0.887456618740704,2000,2000,1232,2000
11,no_tail_both_mice,temporal_subsample,3.0,0.8003318584070797,0.8071883116883117,0.8088174586395931,0.8006451679595901,0.7255,0.7405,0.8717532467532467,0.891,0.7465912014406998,0.7187575831108954,0.8857731958762887,0.8841478541304887,2000,2000,1232,2000
11,no_tail_both_mice,temporal_subsample,5.0,0.7964601769911505,0.8029870129870129,0.8050299467192413,0.7969349579583802,0.726,0.7335,0.864448051948052,0.888,0.7448063606052834,0.7117903930131004,0.8812577575506827,0.8822652757078987,2000,2000,1232,2000
11,trunk_tail_both_mice,clean,0.0,0.802129424778761,0.8109172077922078,0.8086418300260566,0.8010164150690022,0.791,0.6745,0.8936688311688312,0.8845,0.7703920136352569,0.7018730489073881,0.8804478208716513,0.8818544366899302,2000,2000,1232,2000
11,trunk_tail_both_mice,jitter,0.02,0.8029590707964602,0.8128360389610391,0.8094910984269557,0.8014711907921714,0.7995,0.664,0.9058441558441559,0.882,0.7704167670440858,0.700976510952758,0.8850118953211736,0.881559220389805,2000,2000,1232,2000
11,trunk_tail_both_mice,jitter,0.05,0.7927267699115044,0.8031964285714286,0.7980924858151036,0.7896894910061775,0.8435,0.596,0.9017857142857143,0.8715,0.7636939791760978,0.6700393479482856,0.8772206869324911,0.8814159292035398,2000,2000,1232,2000
11,trunk_tail_both_mice,jitter,0.1,0.7428097345132744,0.7531623376623375,0.7452382517074325,0.7338604714434317,0.9035,0.42,0.8506493506493507,0.8385,0.7129611363188005,0.54421768707483,0.8523790158601058,0.8713951675759938,2000,2000,1232,2000
11,trunk_tail_both_mice,dropout,0.05,0.8026825221238938,0.811573051948052,0.8093610380026823,0.8016421555469443,0.787,0.6785,0.8952922077922078,0.8855,0.7700587084148728,0.7029267029267029,0.882047181127549,0.8824115595416044,2000,2000,1232,2000
11,trunk_tail_both_mice,dropout,0.15,0.7996404867256637,0.8085892857142858,0.8065767044189975,0.7987795402865017,0.7735,0.682,0.8928571428571429,0.886,0.7675514760605309,0.6971633018144646,0.88,0.881592039800995,2000,2000,1232,2000
11,trunk_tail_both_mice,dropout,0.3,0.7977046460176991,0.8067613636363636,0.8057635365087973,0.7974013943058177,0.751,0.6975,0.8920454545454546,0.8865,0.7597369752149722,0.6962815073621162,0.8845070422535212,0.8825286212045794,2000,2000,1232,2000
11,trunk_tail_both_mice,temporal_subsample,2.0,0.8061393805309734,0.8153993506493507,0.8125243216748911,0.8048653842423473,0.8025,0.675,0.9025974025974026,0.8815,0.7835001220405174,0.7022106631989596,0.8846459824980112,0.8797405189620758,2000,2000,1232,2000
11,trunk_tail_both_mice,temporal_subsample,3.0,0.7990873893805309,0.807387987012987,0.8058657448818864,0.7981982051741814,0.796,0.671,0.885551948051948,0.877,0.7765853658536586,0.6924664602683178,0.8780684104627766,0.8763427429427929,2000,2000,1232,2000
11,trunk_tail_both_mice,temporal_subsample,5.0,0.7900995575221239,0.797159090909091,0.7970019658457488,0.7897766188127482,0.782,0.669,0.8636363636363636,0.874,0.7638583638583638,0.6824789594491201,0.865040650406504,0.876629889669007,2000,2000,1232,2000
11,hips_tail_both_mice,clean,0.0,0.8017146017699115,0.804698051948052,0.8106133524267096,0.8038493586924599,0.806,0.7555,0.8327922077922078,0.8245,0.7842374118219412,0.7266169752344314,0.8743076267575628,0.8572913958929036,2000,2000,1232,2000
11,hips_tail_both_mice,jitter,0.02,0.8024059734513275,0.805323051948052,0.8113551089527278,0.8045906987632068,0.815,0.7515,0.8327922077922078,0.822,0.7859209257473481,0.7257363592467407,0.8750533049040512,0.858709845912771,2000,2000,1232,2000
11,hips_tail_both_mice,jitter,0.05,0.7946626106194691,0.799258116883117,0.8042022607133438,0.7964258357930993,0.845,0.695,0.8425324675324676,0.8145,0.7779056386651323,0.7002518891687658,0.8774302620456467,0.8612212529738303,2000,2000,1232,2000
11,hips_tail_both_mice,jitter,0.1,0.7578816371681416,0.7660081168831169,0.7695145312206727,0.7576589594050517,0.8935,0.5425,0.8425324675324676,0.7855,0.7340316286711851,0.6116121758737317,0.8811544991511036,0.8512598211866703,2000,2000,1232,2000
11,hips_tail_both_mice,dropout,0.05,0.7989491150442478,0.8018863636363637,0.8079129348003178,0.8012241469887872,0.7955,0.758,0.8295454545454546,0.8245,0.7797108551825533,0.7239732569245463,0.8708990200255645,0.8570686070686071,2000,2000,1232,2000
11,hips_tail_both_mice,dropout,0.15,0.7948008849557522,0.7968896103896104,0.8037923194834371,0.7974102562519355,0.782,0.7635,0.8165584415584416,0.8255,0.7740658252907696,0.7197737449917512,0.8638900815800773,0.8574396260711503,2000,2000,1232,2000
11,hips_tail_both_mice,dropout,0.3,0.7889933628318584,0.790159090909091,0.7977493090341771,0.7918747280429849,0.753,0.78,0.8011363636363636,0.8265,0.7638853664722293,0.7182320441988951,0.8530682800345721,0.8558115454310121,2000,2000,1232,2000
11,hips_tail_both_mice,temporal_subsample,2.0,0.796183628318584,0.7979058441558441,0.8051123208483084,0.7988682747030006,0.7955,0.7605,0.8141233766233766,0.8215,0.7820103219464242,0.7181303116147308,0.8639104220499569,0.8563982277821215,2000,2000,1232,2000
11,hips_tail_both_mice,temporal_subsample,3.0,0.7920353982300885,0.7929870129870129,0.8004576055099906,0.7946218196797679,0.787,0.7605,0.801948051948052,0.8225,0.7795938583457157,0.7155963302752294,0.8554112554112554,0.851228978007762,2000,2000,1232,2000
11,hips_tail_both_mice,temporal_subsample,5.0,0.7873340707964602,0.787801948051948,0.7960615174124305,0.7903150361435337,0.7805,0.7615,0.7922077922077922,0.817,0.7741135631043888,0.71002331002331,0.8501742160278746,0.8499349804941483,2000,2000,1232,2000
11,resident_only_full_body,clean,0.0,0.6844579646017699,0.7025162337662337,0.680796028389329,0.679819978693025,0.832,0.5205,0.872564935064935,0.585,0.803476581361661,0.5643805909460559,0.689987163029525,0.665339778220074,2000,2000,1232,2000
11,resident_only_full_body,jitter,0.02,0.6201603982300885,0.6462613636363637,0.607551749082618,0.6066512562275477,0.8525,0.46,0.8920454545454546,0.3805,0.7991563159128193,0.5041095890410959,0.6160313901345291,0.5109097012420275,2000,2000,1232,2000
11,resident_only_full_body,jitter,0.05,0.4864491150442478,0.5255422077922077,0.4158075648375673,0.40723791792325,0.9015,0.261,0.8936688311688312,0.046,0.7181836287592113,0.3618717504332756,0.4965050732807215,0.08666980687706076,2000,2000,1232,2000
11,resident_only_full_body,jitter,0.1,0.4134402654867257,0.45408766233766235,0.29893815378842076,0.27790639392479627,0.927,0.0525,0.8368506493506493,0.0,0.6006803823100599,0.09808500700607192,0.4969872258375512,0.0,2000,2000,1232,2000
11,resident_only_full_body,dropout,0.05,0.6843196902654868,0.7021574675324674,0.6810205671510243,0.6801789266264431,0.8235,0.5195,0.8701298701298701,0.5955,0.8000971581248482,0.563296286256438,0.6889460154241646,0.6717428087986463,2000,2000,1232,2000
11,resident_only_full_body,dropout,0.15,0.6850110619469026,0.7024707792207793,0.6827500415475231,0.6820120237228859,0.8025,0.534,0.8668831168831169,0.6065,0.7916152897657214,0.5737308622078968,0.6896997093961899,0.6759543048202842,2000,2000,1232,2000
11,resident_only_full_body,dropout,0.3,0.6764380530973452,0.6936298701298702,0.6757872358787054,0.675269912046039,0.756,0.535,0.8555194805194806,0.628,0.7728085867620751,0.5668874172185431,0.6806587019696481,0.6827942375645556,2000,2000,1232,2000
11,resident_only_full_body,temporal_subsample,2.0,0.6209900442477876,0.6456866883116883,0.6084629831602928,0.606274652086144,0.849,0.4645,0.8782467532467533,0.391,0.7678046574723039,0.5175487465181059,0.6290697674418605,0.5194287612089007,2000,2000,1232,2000
11,resident_only_full_body,temporal_subsample,3.0,0.5778484513274337,0.6071542207792208,0.5529729461186844,0.5477379051332597,0.876,0.394,0.8831168831168831,0.2755,0.7439490445859872,0.46230566148430624,0.6022695820647661,0.4033674963396779,2000,2000,1232,2000
11,resident_only_full_body,temporal_subsample,5.0,0.5250276548672567,0.5574561688311689,0.48214351991308263,0.4708563892451936,0.903,0.2915,0.8628246753246753,0.1725,0.6890499809233117,0.3756443298969072,0.5884306670357043,0.2754491017964072,2000,2000,1232,2000
11,intruder_only_full_body,clean,0.0,0.6161504424778761,0.637961038961039,0.6176714744728032,0.6109132442847998,0.719,0.497,0.8433441558441559,0.4925,0.7260792729108811,0.5151593677118425,0.681311475409836,0.5481357818586533,2000,2000,1232,2000
11,intruder_only_full_body,jitter,0.02,0.5529590707964602,0.5823165584415585,0.5404824821938334,0.5303787124223674,0.7265,0.5055,0.8587662337662337,0.2385,0.7072280360184959,0.4910150558523555,0.635626314208471,0.328060522696011,2000,2000,1232,2000
11,intruder_only_full_body,jitter,0.05,0.46639933628318586,0.504612012987013,0.41097867496480717,0.40239553120653626,0.7455,0.387,0.864448051948052,0.0215,0.6578424884182661,0.4551602469861805,0.4918032786885246,0.03910868576625739,2000,2000,1232,2000
11,intruder_only_full_body,jitter,0.1,0.40569690265486724,0.44443831168831166,0.33664919221938205,0.3300829597087347,0.775,0.1925,0.8092532467532467,0.001,0.6792287467134093,0.2668977469670711,0.3984812150279776,0.001989060169070114,2000,2000,1232,2000
11,intruder_only_full_body,dropout,0.05,0.615320796460177,0.6359642857142858,0.6170635949159038,0.6107662453816314,0.7165,0.501,0.8303571428571429,0.496,0.7257533552798177,0.5160958022147824,0.6763636363636364,0.5500415858053784,2000,2000,1232,2000
11,intruder_only_full_body,dropout,0.15,0.6097898230088495,0.6288603896103896,0.612779383945578,0.6064353997414156,0.704,0.499,0.8084415584415584,0.504,0.7200204551265661,0.5077588399898245,0.6725185685347738,0.5508196721311476,2000,2000,1232,2000
11,intruder_only_full_body,dropout,0.3,0.5958241150442478,0.6105470779220779,0.6003463817220751,0.5950491174245618,0.675,0.5095,0.7491883116883117,0.5085,0.7027589796980739,0.5014763779527559,0.6502289538569919,0.5469212153804787,2000,2000,1232,2000
11,intruder_only_full_body,temporal_subsample,2.0,0.6173949115044248,0.634099025974026,0.6188279333336766,0.6138443973200324,0.7355,0.52,0.7913961038961039,0.4895,0.7351324337831084,0.5189620758483033,0.6657562307954934,0.5554609929078014,2000,2000,1232,2000
11,intruder_only_full_body,temporal_subsample,3.0,0.6019081858407079,0.6126964285714286,0.6023456131461467,0.5999869430736985,0.735,0.5145,0.7142857142857143,0.487,0.7273626917367639,0.5034246575342466,0.6245564229950319,0.5540386803185438,2000,2000,1232,2000
11,intruder_only_full_body,temporal_subsample,5.0,0.5735619469026548,0.5781103896103895,0.5719331701126347,0.5722687385280567,0.732,0.484,0.6209415584415584,0.4755,0.7048627828598941,0.4678588690188497,0.5687732342007435,0.5462377943710511,2000,2000,1232,2000
22,full_body_both_mice,clean,0.0,0.7934844192634561,0.7785094339622641,0.7753280942878569,0.7950031915128375,0.6660377358490566,0.703,0.8305,0.9145,0.6275555555555555,0.7191815856777494,0.8844515441959532,0.8701236917221694,1060,2000,2000,2000
22,full_body_both_mice,jitter,0.02,0.7915014164305949,0.7769811320754717,0.7732484627987026,0.7932578431826011,0.6679245283018868,0.697,0.829,0.914,0.6229652441706995,0.715605749486653,0.8833244539158231,0.8710984036216345,1060,2000,2000,2000
22,full_body_both_mice,jitter,0.05,0.7804532577903682,0.7684504716981132,0.7617786073116128,0.7830956992543315,0.6783018867924528,0.654,0.8295,0.912,0.601673640167364,0.6909667194928685,0.8836218375499334,0.8708522320362855,1060,2000,2000,2000
22,full_body_both_mice,jitter,0.1,0.7669971671388102,0.7587924528301888,0.749035829640087,0.7726391064682933,0.6971698113207547,0.624,0.8105,0.9035,0.5717601547388781,0.6747769667477697,0.8722087705138553,0.8773974265598447,1060,2000,2000,2000
22,full_body_both_mice,dropout,0.05,0.7924929178470255,0.7773018867924528,0.7743407258636885,0.7939425327883539,0.6632075471698113,0.7035,0.828,0.9145,0.6271186440677966,0.7180403164072467,0.882494004796163,0.8697099381835474,1060,2000,2000,2000
22,full_body_both_mice,dropout,0.15,0.7913597733711049,0.7750825471698113,0.7729923525501485,0.7926440726602543,0.6528301886792452,0.7055,0.827,0.915,0.6253953908721193,0.7146112939984807,0.8826040554962646,0.8693586698337292,1060,2000,2000,2000
22,full_body_both_mice,dropout,0.3,0.7890934844192634,0.7716415094339621,0.770266424405199,0.790072480964267,0.6405660377358491,0.705,0.8255,0.9155,0.6215102974828375,0.7110438729198184,0.8805333333333333,0.8679781938848068,1060,2000,2000,2000
22,full_body_both_mice,temporal_subsample,2.0,0.7899433427762039,0.7733891509433962,0.771492916464199,0.7912764046487216,0.6490566037735849,0.7025,0.828,0.914,0.6229062924400182,0.7092377587077233,0.8827292110874201,0.8710984036216345,1060,2000,2000,2000
22,full_body_both_mice,temporal_subsample,3.0,0.7915014164305949,0.7764268867924529,0.7740048641004648,0.7927345013414142,0.6632075471698113,0.701,0.8275,0.914,0.6333333333333333,0.7107731305449937,0.8810220920947565,0.8708909004287756,1060,2000,2000,2000
22,full_body_both_mice,temporal_subsample,5.0,0.7881019830028329,0.7720966981132076,0.7696125528699438,0.7893458523971075,0.6518867924528302,0.695,0.8285,0.913,0.6214028776978417,0.7063008130081301,0.8799787573021773,0.8707677634716261,1060,2000,2000,2000
22,head_neck_both_mice,clean,0.0,0.7934844192634561,0.7765141509433962,0.7787633730838742,0.7950018682608485,0.6490566037735849,0.771,0.8235,0.8625,0.6568019093078759,0.7349857006673022,0.8686708860759493,0.8545949962843696,1060,2000,2000,2000
22,head_neck_both_mice,jitter,0.02,0.7990084985835694,0.7818325471698112,0.7836380812925577,0.8006424829973535,0.6528301886792452,0.7825,0.8305,0.8615,0.6559241706161137,0.745060699833373,0.8707732634338139,0.8627941912869304,1060,2000,2000,2000
22,head_neck_both_mice,jitter,0.05,0.7961756373937677,0.7812169811320754,0.7802166834798563,0.7989386097256923,0.6688679245283019,0.7625,0.8415,0.852,0.6396030672079387,0.7393939393939394,0.8729253112033195,0.8689444161142275,1060,2000,2000,2000
22,head_neck_both_mice,jitter,0.1,0.761756373937677,0.7553867924528302,0.7464640634383287,0.7695073203709002,0.7075471698113207,0.642,0.8425,0.8295,0.573394495412844,0.674724119810825,0.8636596617119426,0.8740779768177028,1060,2000,2000,2000
22,head_neck_both_mice,dropout,0.05,0.7917847025495751,0.7739056603773584,0.7766362738492895,0.793199396273635,0.6396226415094339,0.771,0.8225,0.8625,0.6522366522366523,0.7328897338403042,0.8683029823172341,0.8531157270029673,1060,2000,2000,2000
22,head_neck_both_mice,dropout,0.15,0.7879603399433428,0.768313679245283,0.7718038479473666,0.7891346815635011,0.620754716981132,0.773,0.816,0.8635,0.6416382252559727,0.7302786962683042,0.8637205609949722,0.8515779092702169,1060,2000,2000,2000
22,head_neck_both_mice,dropout,0.3,0.785127478753541,0.7624882075471698,0.7677370511695342,0.7858798432604273,0.5924528301886792,0.7805,0.811,0.866,0.6314731020613373,0.7272303750291171,0.863225119744545,0.8490196078431372,1060,2000,2000,2000
22,head_neck_both_mice,temporal_subsample,2.0,0.7963172804532578,0.7803443396226415,0.781500503143902,0.7985710525935984,0.660377358490566,0.781,0.823,0.857,0.653289780681288,0.7422190544072226,0.8711299285525271,0.8593632489345701,1060,2000,2000,2000
22,head_neck_both_mice,temporal_subsample,3.0,0.7909348441926346,0.7751509433962265,0.7762168815377821,0.793682131634072,0.6566037735849056,0.78,0.8145,0.8495,0.6450417052826691,0.7360226468506723,0.864420270628814,0.8593829033889732,1060,2000,2000,2000
22,head_neck_both_mice,temporal_subsample,5.0,0.7909348441926346,0.7754834905660377,0.7762799496916946,0.7943321225827995,0.659433962264151,0.787,0.8175,0.838,0.6406966086159487,0.7372365339578454,0.8639365918097754,0.8632500643832088,1060,2000,2000,2000
22,no_tail_both_mice,clean,0.0,0.8045325779036827,0.782938679245283,0.7841968290355136,0.8072250580787651,0.620754716981132,0.805,0.8425,0.8635,0.6112401300510915,0.7597923548843795,0.8760072783987523,0.889747552807831,1060,2000,2000,2000
22,no_tail_both_mice,jitter,0.02,0.8045325779036827,0.7836037735849057,0.7843748231976326,0.8074779537889991,0.6264150943396226,0.801,0.8445,0.8625,0.6108555657773689,0.7596017069701281,0.8767194393978718,0.8903225806451613,1060,2000,2000,2000
22,no_tail_both_mice,jitter,0.05,0.7961756373937677,0.7773372641509434,0.7759739670836926,0.8008471030960838,0.6358490566037736,0.7685,0.85,0.855,0.5891608391608392,0.7466601894583434,0.8762886597938144,0.8917861799217731,1060,2000,2000,2000
22,no_tail_both_mice,jitter,0.1,0.7610481586402267,0.755316037735849,0.7465946688613894,0.7718394777266583,0.7122641509433962,0.6595,0.8205,0.829,0.5569900405754334,0.6927521008403361,0.8504793988079813,0.8861571352218065,1060,2000,2000,2000
22,no_tail_both_mice,dropout,0.05,0.8039660056657224,0.7817735849056604,0.783333372042109,0.8066124327502755,0.6150943396226415,0.807,0.841,0.864,0.6084927671488567,0.7589936515400894,0.8758135902108826,0.8900334792686068,1060,2000,2000,2000
22,no_tail_both_mice,dropout,0.15,0.8007082152974504,0.7766816037735849,0.7788541681895345,0.8031325815900778,0.5962264150943396,0.808,0.8385,0.864,0.5965077866918358,0.7556698620528408,0.8738926524231371,0.8893463715903243,1060,2000,2000,2000
22,no_tail_both_mice,dropout,0.3,0.7991501416430595,0.7729787735849056,0.7761220869545516,0.8010853583747616,0.5764150943396227,0.8155,0.832,0.868,0.5886319845857418,0.7543940795559667,0.8705205336123463,0.8909417500641519,1060,2000,2000,2000
22,no_tail_both_mice,temporal_subsample,2.0,0.8025495750708215,0.7814103773584906,0.7824860431100131,0.8054915810156054,0.6226415094339622,0.8045,0.843,0.8555,0.6096997690531177,0.7587833058240981,0.8751622112639502,0.8862988862988863,1060,2000,2000,2000
22,no_tail_both_mice,temporal_subsample,3.0,0.7995750708215298,0.7793396226415094,0.7800719055748699,0.8031116453038194,0.6273584905660378,0.7995,0.837,0.8535,0.6070287539936102,0.7537119962290832,0.8721021099244595,0.8874447621523265,1060,2000,2000,2000
22,no_tail_both_mice,temporal_subsample,5.0,0.7960339943342776,0.777433962264151,0.7780187476973311,0.8003750958249995,0.6377358490566037,0.794,0.8365,0.8415,0.6101083032490975,0.7448405253283302,0.872035444357571,0.8850907178543256,1060,2000,2000,2000
22,trunk_tail_both_mice,clean,0.0,0.7495750708215297,0.7229103773584906,0.7263413178995608,0.7535611549217555,0.5226415094339623,0.827,0.713,0.829,0.5219029674988224,0.7222707423580786,0.7874102705687466,0.8737812911725955,1060,2000,2000,2000
22,trunk_tail_both_mice,jitter,0.02,0.7488668555240793,0.7222853773584905,0.7256276448094309,0.7530782384350154,0.5226415094339623,0.825,0.7135,0.828,0.5194561650257853,0.7214691735898557,0.7883977900552486,0.8731874505668337,1060,2000,2000,2000
22,trunk_tail_both_mice,jitter,0.05,0.7432011331444759,0.7179504716981131,0.7208373417863756,0.7487517779295154,0.5283018867924528,0.8045,0.715,0.824,0.5111821086261981,0.7114746849436215,0.7889655172413793,0.8717270563343031,1060,2000,2000,2000
22,trunk_tail_both_mice,jitter,0.1,0.7253541076487252,0.7067452830188679,0.70702936991936,0.7363730401994791,0.5669811320754717,0.73,0.714,0.816,0.48663967611336034,0.6832007487131493,0.7846153846153846,0.8736616702355461,1060,2000,2000,2000
22,trunk_tail_both_mice,dropout,0.05,0.7491501416430595,0.7224245283018867,0.7258290420361769,0.7531713857433766,0.5216981132075472,0.828,0.7105,0.8295,0.5204705882352941,0.7223555070883315,0.7859513274336283,0.8745387453874539,1060,2000,2000,2000
22,trunk_tail_both_mice,dropout,0.15,0.7518413597733711,0.7245778301886792,0.7283778754009012,0.7555878877837247,0.519811320754717,0.834,0.7155,0.829,0.5240133143128863,0.7244299674267101,0.7908261950815142,0.874242024782494,1060,2000,2000,2000
22,trunk_tail_both_mice,dropout,0.3,0.748441926345609,0.7193608490566037,0.7236591456970933,0.7517344418955303,0.5009433962264151,0.8345,0.7115,0.8305,0.5127957508450024,0.7201725997842503,0.7881473276100803,0.8735209045490402,1060,2000,2000,2000
22,trunk_tail_both_mice,temporal_subsample,2.0,0.7536827195467423,0.7263136792452829,0.7303116523900649,0.7574525242789664,0.5207547169811321,0.8365,0.719,0.829,0.5264663805436338,0.7251842219332466,0.7953539823008849,0.874242024782494,1060,2000,2000,2000
22,trunk_tail_both_mice,temporal_subsample,3.0,0.7518413597733711,0.7246886792452831,0.7288976902916399,0.7556155293435772,0.5207547169811321,0.836,0.7155,0.8265,0.5282296650717704,0.7222462203023758,0.792358803986711,0.8727560718057022,1060,2000,2000,2000
22,trunk_tail_both_mice,temporal_subsample,5.0,0.7514164305949008,0.7250896226415096,0.7294350838398291,0.7552985028234516,0.5273584905660378,0.8325,0.7155,0.825,0.5351842987075156,0.7192224622030238,0.791701244813278,0.8716323296354992,1060,2000,2000,2000
22,hips_tail_both_mice,clean,0.0,0.7708215297450425,0.7484221698113208,0.7513685444602713,0.7729763064445131,0.5801886792452831,0.772,0.777,0.8645,0.5890804597701149,0.7153115589529766,0.835933297471759,0.8651488616462347,1060,2000,2000,2000
22,hips_tail_both_mice,jitter,0.02,0.7709631728045325,0.7493231132075472,0.7515260471832448,0.7735330516258089,0.5867924528301887,0.763,0.7855,0.862,0.586239396795476,0.7132507595232531,0.8385374966639979,0.8680765357502518,1060,2000,2000,2000
22,hips_tail_both_mice,jitter,0.05,0.746600566572238,0.731370283018868,0.728113221835132,0.7529444422462743,0.6169811320754717,0.6595,0.799,0.85,0.5416149068322982,0.6606561482594541,0.8439397940322155,0.8662420382165605,1060,2000,2000,2000
22,hips_tail_both_mice,jitter,0.1,0.7135977337110482,0.7121108490566038,0.7003012123320699,0.7255050736121744,0.7009433962264151,0.5355,0.7965,0.8155,0.5110041265474553,0.5925311203319502,0.8342498036135114,0.8634197988353626,1060,2000,2000,2000
22,hips_tail_both_mice,dropout,0.05,0.7688385269121814,0.7454528301886792,0.7488575578147135,0.7708640334340339,0.569811320754717,0.772,0.773,0.867,0.5835748792270531,0.7118487782388198,0.8338727076591155,0.8661338661338661,1060,2000,2000,2000
22,hips_tail_both_mice,dropout,0.15,0.7665722379603399,0.7417900943396226,0.7460154485320221,0.7684588763013526,0.5556603773584906,0.777,0.7685,0.866,0.5774509803921568,0.7094270714448756,0.8344191096634094,0.8627646326276464,1060,2000,2000,2000
22,hips_tail_both_mice,dropout,0.3,0.7556657223796034,0.7266226415094341,0.7327806073733213,0.7569670820499814,0.5084905660377359,0.784,0.7475,0.8665,0.5511247443762781,0.6962699822380106,0.8234646103001928,0.8602630925788036,1060,2000,2000,2000
22,hips_tail_both_mice,temporal_subsample,2.0,0.7647308781869688,0.7433797169811321,0.7463296507401246,0.7679268387979369,0.5830188679245283,0.78,0.751,0.8595,0.5841209829867675,0.7105442951491687,0.8261826182618262,0.8644707065627357,1060,2000,2000,2000
22,hips_tail_both_mice,temporal_subsample,3.0,0.7611898016997167,0.7408089622641509,0.7445959177512591,0.7647732959728581,0.5877358490566038,0.778,0.742,0.8555,0.5930509281294621,0.7005853219270599,0.8214779961251037,0.8632694248234107,1060,2000,2000,2000
22,hips_tail_both_mice,temporal_subsample,5.0,0.7603399433427762,0.7430518867924529,0.7459982410650097,0.7647428647283148,0.6132075471698113,0.7745,0.7355,0.849,0.6052141527001862,0.6977477477477477,0.8204127161182376,0.8606183476938672,1060,2000,2000,2000
22,resident_only_full_body,clean,0.0,0.6113314447592068,0.6358278301886793,0.6217416194178675,0.6141304646378103,0.819811320754717,0.565,0.546,0.6125,0.67890625,0.5138699408822192,0.6482635796972396,0.6459267070920116,1060,2000,2000,2000
22,resident_only_full_body,jitter,0.02,0.5848441926345609,0.6136721698113208,0.5919751220845644,0.5836802251155696,0.8301886792452831,0.5295,0.6315,0.4635,0.654275092936803,0.4943977591036415,0.6703821656050956,0.5488454706927176,1060,2000,2000,2000
22,resident_only_full_body,jitter,0.05,0.4715297450424929,0.5167759433962265,0.4419015066105385,0.4299772419648832,0.8566037735849057,0.4195,0.674,0.117,0.5314603453321627,0.4708193041526375,0.5731292517006803,0.1921971252566735,1060,2000,2000,2000
22,resident_only_full_body,jitter,0.1,0.3604815864022663,0.42110377358490564,0.2916759897144618,0.27159642915412213,0.8764150943396226,0.1375,0.6645,0.006,0.442486306263396,0.2289758534554538,0.4833606110201855,0.011881188118811881,1060,2000,2000,2000
22,resident_only_full_body,dropout,0.05,0.6093484419263456,0.6335235849056603,0.6201602796467363,0.6121866636263775,0.8150943396226416,0.5655,0.5355,0.618,0.680047225501771,0.5115332428765265,0.6422788605697152,0.6467817896389325,1060,2000,2000,2000
22,resident_only_full_body,dropout,0.15,0.6007082152974504,0.6242358490566038,0.6127439440479613,0.60334982174483,0.8009433962264151,0.5685,0.5015,0.626,0.6832997987927565,0.5036544850498339,0.615148727384238,0.6488727649650169,1060,2000,2000,2000
22,resident_only_full_body,dropout,0.3,0.5888101983002832,0.6109646226415094,0.6027485360703608,0.5911158740520457,0.7773584905660378,0.565,0.4595,0.642,0.6901172529313233,0.48864864864864865,0.5812776723592663,0.6509505703422053,1060,2000,2000,2000
22,resident_only_full_body,temporal_subsample,2.0,0.578470254957507,0.605497641509434,0.58651145683329,0.5788091227402293,0.8084905660377358,0.5635,0.5715,0.4785,0.6443609022556391,0.50903342366757,0.6344712739383847,0.558180227471566,1060,2000,2000,2000
22,resident_only_full_body,temporal_subsample,3.0,0.5390934844192634,0.573186320754717,0.5426737638530028,0.5341310954214232,0.8292452830188679,0.5325,0.5585,0.3725,0.6068346565412496,0.48607941579187586,0.5958922379301147,0.481888745148771,1060,2000,2000,2000
22,resident_only_full_body,temporal_subsample,5.0,0.42790368271954676,0.4796061320754717,0.4137721699982633,0.40384617640529036,0.8679245283018868,0.3335,0.537,0.18,0.4883227176220807,0.36230309614340034,0.5264705882352941,0.277992277992278,1060,2000,2000,2000
22,intruder_only_full_body,clean,0.0,0.5279036827195468,0.5486792452830189,0.5373358220907967,0.5299434649349375,0.7047169811320755,0.624,0.4975,0.3685,0.5928571428571429,0.4971121290579566,0.625589437283873,0.43378457916421426,1060,2000,2000,2000
22,intruder_only_full_body,jitter,0.02,0.5007082152974505,0.525122641509434,0.4902465577699841,0.4817801334838331,0.7084905660377359,0.6445,0.5745,0.173,0.553834808259587,0.49970924597790267,0.6548874323168994,0.25255474452554744,1060,2000,2000,2000
22,intruder_only_full_body,jitter,0.05,0.47507082152974506,0.5034952830188679,0.41915448438345887,0.40779378554962925,0.7169811320754716,0.5295,0.749,0.0185,0.5044805841354132,0.5034466365581174,0.6347457627118644,0.03394495412844037,1060,2000,2000,2000
22,intruder_only_full_body,jitter,0.1,0.4337110481586402,0.46887971698113207,0.3734574304650924,0.3549402891051298,0.7330188679245283,0.3705,0.7685,0.0035,0.512532981530343,0.42342857142857143,0.5508960573476702,0.0069721115537848604,1060,2000,2000,2000
22,intruder_only_full_body,dropout,0.05,0.5239376770538243,0.5441816037735848,0.5334142663043704,0.5256693985952205,0.6962264150943396,0.6285,0.4835,0.3685,0.5915831663326653,0.4971326873640498,0.6131896005072923,0.4317516110134739,1060,2000,2000,2000
22,intruder_only_full_body,dropout,0.15,0.5152974504249291,0.5340070754716981,0.5252732488185696,0.5168902002943299,0.6745283018867925,0.635,0.454,0.3725,0.5882352941176471,0.49474094273470975,0.5888456549935149,0.4292711034284068,1060,2000,2000,2000
22,intruder_only_full_body,dropout,0.3,0.493342776203966,0.5097547169811321,0.5028374849126765,0.4931666406621808,0.6330188679245283,0.644,0.389,0.373,0.5754716981132075,0.4862212155530389,0.5296119809394145,0.42004504504504503,1060,2000,2000,2000
22,intruder_only_full_body,temporal_subsample,2.0,0.5148725212464589,0.5349622641509434,0.5243700559858668,0.5150082723650369,0.6858490566037736,0.6495,0.4385,0.366,0.594683026584867,0.5007710100231303,0.5779242174629324,0.4241019698725377,1060,2000,2000,2000
22,intruder_only_full_body,temporal_subsample,3.0,0.4868271954674221,0.5096580188679245,0.4940932825722303,0.48222938745616484,0.6811320754716981,0.648,0.352,0.3575,0.5831987075928917,0.4885956644674835,0.49612403100775193,0.40845472722079407,1060,2000,2000,2000
22,intruder_only_full_body,temporal_subsample,5.0,0.45963172804532576,0.4833301886792453,0.4620168042433405,0.4473716282539139,0.6613207547169812,0.656,0.276,0.34,0.5720114239086087,0.4841328413284133,0.40828402366863903,0.383638928067701,1060,2000,2000,2000
33,full_body_both_mice,clean,0.0,0.7682003494467093,0.7411722350230414,0.7371563547165577,0.7700553448047069,0.5771889400921659,0.67,0.9515,0.766,0.5375536480686696,0.6769386208638545,0.8789838337182448,0.8551493162154619,868,2000,2000,2000
33,full_body_both_mice,jitter,0.02,0.7671811298776936,0.7425794930875576,0.737080846708462,0.76945170067405,0.5933179723502304,0.6595,0.951,0.7665,0.5406824146981627,0.6733027054619704,0.8779136856681283,0.8564245810055866,868,2000,2000,2000
33,full_body_both_mice,jitter,0.05,0.7552417006406523,0.7440668202764976,0.7289481034310852,0.7604954857231871,0.6762672811059908,0.596,0.949,0.755,0.5375457875457875,0.6432811656772801,0.8799258229021789,0.855039637599094,868,2000,2000,2000
33,full_body_both_mice,jitter,0.1,0.6739953407105417,0.6924118663594471,0.6581359357791696,0.6913195652579314,0.804147465437788,0.407,0.8415,0.717,0.4568062827225131,0.5079563182527301,0.8350285289010171,0.8327526132404182,868,2000,2000,2000
33,full_body_both_mice,dropout,0.05,0.76703552708212,0.7382160138248848,0.7348578958815168,0.7687986671540094,0.5633640552995391,0.672,0.9515,0.766,0.5289345592212007,0.676566826076013,0.8787808820133918,0.8551493162154619,868,2000,2000,2000
33,full_body_both_mice,dropout,0.15,0.7649970879440885,0.7325535714285714,0.7307045594753392,0.7663595973705252,0.5357142857142857,0.677,0.952,0.7655,0.5143805309734514,0.6748068776476451,0.8790397045244691,0.8545911247557912,868,2000,2000,2000
33,full_body_both_mice,dropout,0.3,0.7626674432149098,0.7269671658986175,0.7261352890393136,0.763685545073253,0.5103686635944701,0.6785,0.952,0.767,0.4983127109111361,0.6719485021044813,0.879445727482679,0.8548342156589579,868,2000,2000,2000
33,full_body_both_mice,temporal_subsample,2.0,0.7617938264414676,0.7330639400921659,0.7287978880691233,0.7641043266880561,0.5587557603686636,0.6595,0.95,0.764,0.5145888594164456,0.6693732555189038,0.8775981524249422,0.8536312849162011,868,2000,2000,2000
33,full_body_both_mice,temporal_subsample,3.0,0.7581537565521258,0.7287978110599078,0.7246336946509575,0.7605222481143932,0.5506912442396313,0.6485,0.9525,0.7635,0.5068928950159067,0.6580416032470827,0.8790955237655745,0.8545047565752658,868,2000,2000,2000
33,full_body_both_mice,temporal_subsample,5.0,0.7550960978450786,0.726009792626728,0.7213170367448023,0.7576219013290866,0.5495391705069125,0.64,0.953,0.7615,0.5010504201680672,0.6527281998980112,0.8787459658828953,0.8527435610302352,868,2000,2000,2000
33,head_neck_both_mice,clean,0.0,0.7434478741991847,0.7305184331797235,0.718843990390279,0.7460442862486739,0.652073732718894,0.5935,0.946,0.7305,0.5538160469667319,0.6163032191069574,0.8812296227293899,0.8240270727580372,868,2000,2000,2000
33,head_neck_both_mice,jitter,0.02,0.7386429819452534,0.7301428571428571,0.715137616166002,0.7414230317644445,0.6785714285714286,0.568,0.9455,0.7285,0.5556603773584906,0.6002642007926023,0.8807638565440149,0.8238620299689002,868,2000,2000,2000
33,head_neck_both_mice,jitter,0.05,0.7143273150844496,0.7188859447004609,0.6905497411599233,0.7194334744090876,0.7465437788018433,0.4695,0.9465,0.713,0.5153081510934394,0.5434027777777778,0.8808748255002327,0.8226132102682434,868,2000,2000,2000
33,head_neck_both_mice,jitter,0.1,0.6205591147350029,0.6540357142857143,0.5917883127828505,0.6196731415511975,0.8571428571428571,0.193,0.9095,0.6565,0.42260721385969896,0.28508124076809455,0.8715860086248203,0.7878787878787878,868,2000,2000,2000
33,head_neck_both_mice,dropout,0.05,0.7422830518345952,0.7290293778801843,0.717562752352094,0.7449467645963458,0.6486175115207373,0.5935,0.944,0.73,0.5514201762977473,0.6158236057068742,0.8797763280521901,0.8232308993515647,868,2000,2000,2000
33,head_neck_both_mice,dropout,0.15,0.7418462434478742,0.7245789170506913,0.7156178856491685,0.7447600740898122,0.619815668202765,0.6055,0.9435,0.7295,0.5388082123184778,0.6189624329159212,0.8815697266993693,0.8231311706629055,868,2000,2000,2000
33,head_neck_both_mice,dropout,0.3,0.7370413511939429,0.7127920506912443,0.7075814752438814,0.7400384681489433,0.565668202764977,0.6155,0.941,0.729,0.5106604264170567,0.6164246369554331,0.8806738418343473,0.8225669957686883,868,2000,2000,2000
33,head_neck_both_mice,temporal_subsample,2.0,0.7294700058241118,0.7193335253456221,0.7039601559730966,0.7332479157793814,0.6578341013824884,0.5475,0.943,0.729,0.5262672811059907,0.5852485301977552,0.8796641791044776,0.8246606334841629,868,2000,2000,2000
33,head_neck_both_mice,temporal_subsample,3.0,0.7229178800232965,0.7166428571428571,0.6979593174819296,0.7265127671260314,0.6785714285714286,0.516,0.944,0.728,0.5247216035634744,0.5619384699156004,0.8832748538011695,0.8219023426474739,868,2000,2000,2000
33,head_neck_both_mice,temporal_subsample,5.0,0.7128712871287128,0.7062246543778801,0.6868663249832302,0.7175590006673027,0.6658986175115207,0.4905,0.9405,0.728,0.5006496318752707,0.540495867768595,0.8837209302325582,0.8225988700564971,868,2000,2000,2000
33,no_tail_both_mice,clean,0.0,0.737478159580664,0.7262085253456221,0.7111933331390218,0.743435507047666,0.6578341013824884,0.5765,0.941,0.7295,0.5155756207674943,0.6150973592958122,0.8860640301318268,0.8280363223609535,868,2000,2000,2000
33,no_tail_both_mice,jitter,0.02,0.7350029120559115,0.725876728110599,0.7093542455159145,0.7415308625694986,0.6705069124423964,0.5665,0.9395,0.727,0.5141342756183745,0.6094674556213018,0.8867390278433224,0.8270762229806599,868,2000,2000,2000
33,no_tail_both_mice,jitter,0.05,0.7057367501456028,0.7105328341013826,0.6847310934705976,0.7167219537914717,0.7396313364055299,0.4855,0.9075,0.7095,0.49063813526939243,0.5534340267882588,0.8753315649867374,0.8195206468380017,868,2000,2000,2000
33,no_tail_both_mice,jitter,0.1,0.6241991846243448,0.6597690092165899,0.6175103845620984,0.6494654932116338,0.8755760368663594,0.335,0.7635,0.665,0.4236343366778149,0.4426825239511067,0.8115865001328727,0.7921381774865992,868,2000,2000,2000
33,no_tail_both_mice,dropout,0.05,0.7373325567850902,0.725594470046083,0.710958525936074,0.7431480144681043,0.6543778801843319,0.577,0.9415,0.7295,0.5156604630049932,0.6139930832668263,0.8859091978358034,0.8282713596366733,868,2000,2000,2000
33,no_tail_both_mice,dropout,0.15,0.7366045428072219,0.722524193548387,0.7093047197482779,0.7422851172455167,0.6370967741935484,0.582,0.942,0.729,0.509208103130755,0.6153846153846154,0.8849224988257398,0.8277036616520012,868,2000,2000,2000
33,no_tail_both_mice,dropout,0.3,0.7376237623762376,0.7220950460829494,0.7097834758306675,0.7432494084569384,0.6278801843317973,0.5875,0.9435,0.7295,0.506741050674105,0.6176084099868594,0.8867481203007519,0.8280363223609535,868,2000,2000,2000
33,no_tail_both_mice,temporal_subsample,2.0,0.733401281304601,0.7209153225806451,0.7062380651891076,0.7399723684976725,0.6451612903225806,0.569,0.9425,0.727,0.5015673981191222,0.6082308925708177,0.8883129123468426,0.8268410577196474,868,2000,2000,2000
33,no_tail_both_mice,temporal_subsample,3.0,0.7301980198019802,0.7178392857142858,0.7028706342437371,0.7368948083431547,0.6428571428571429,0.558,0.943,0.7275,0.49644128113879005,0.5988730882747518,0.888993636577893,0.8271745309835133,868,2000,2000,2000
33,no_tail_both_mice,temporal_subsample,5.0,0.7252475247524752,0.7129372119815669,0.6976065365381539,0.7325950629576055,0.6382488479262672,0.546,0.942,0.7255,0.4853263250109505,0.5901107808700351,0.8886792452830189,0.8263097949886105,868,2000,2000,2000
33,trunk_tail_both_mice,clean,0.0,0.7498543972044264,0.7078162442396313,0.7060215901729386,0.7508149433278647,0.45276497695852536,0.653,0.917,0.8085,0.43425414364640885,0.6659867414584396,0.8691943127962085,0.8546511627906976,868,2000,2000,2000
33,trunk_tail_both_mice,jitter,0.02,0.7486895748398369,0.7069792626728111,0.7051325892590455,0.7502260482521076,0.4539170506912442,0.6515,0.918,0.8045,0.4315443592552026,0.6636108989050166,0.8695240350461757,0.8558510638297873,868,2000,2000,2000
33,trunk_tail_both_mice,jitter,0.05,0.7417006406523006,0.7096192396313363,0.7042449659744147,0.7483714613490561,0.5149769585253456,0.6175,0.9155,0.7905,0.4365234375,0.6464276367443078,0.8731521220791607,0.86087666757419,868,2000,2000,2000
33,trunk_tail_both_mice,jitter,0.1,0.6670064065230052,0.6748375576036867,0.649922897004451,0.6903929213699087,0.7223502304147466,0.402,0.83,0.745,0.40438568203805225,0.5066162570888468,0.845213849287169,0.8434757996037362,868,2000,2000,2000
33,trunk_tail_both_mice,dropout,0.05,0.7501456027955736,0.7077402073732719,0.7059883289410654,0.7509431890891464,0.4504608294930876,0.653,0.9185,0.809,0.4332409972299169,0.6659867414584396,0.8699976320151551,0.8547279450607501,868,2000,2000,2000
33,trunk_tail_both_mice,dropout,0.15,0.7483983692486895,0.702001728110599,0.7010317392283991,0.7484458931287703,0.4205069124423963,0.6575,0.9215,0.8085,0.41336353340883353,0.6651492159838138,0.8711888442448593,0.8544253632760899,868,2000,2000,2000
33,trunk_tail_both_mice,dropout,0.3,0.7457775189283634,0.6955132488479263,0.695226249006278,0.7451451971858543,0.39055299539170507,0.6605,0.922,0.809,0.3923611111111111,0.6611611611611612,0.8731060606060606,0.8542766631467793,868,2000,2000,2000
33,trunk_tail_both_mice,temporal_subsample,2.0,0.7466511357018055,0.7029470046082948,0.7012908563752438,0.7474803832345052,0.4377880184331797,0.6475,0.92,0.8065,0.42105263157894735,0.6597045338767193,0.8714184229220933,0.8529878371232152,868,2000,2000,2000
33,trunk_tail_both_mice,temporal_subsample,3.0,0.7421374490390216,0.6964637096774193,0.6949963282065726,0.7429966943442482,0.41935483870967744,0.64,0.9195,0.807,0.403771491957848,0.6515652837872232,0.8713574982231699,0.8532910388580491,868,2000,2000,2000
33,trunk_tail_both_mice,temporal_subsample,5.0,0.7363133372160745,0.6890184331797234,0.6875623276825098,0.7372915084048213,0.402073732718894,0.6295,0.9195,0.805,0.38584853510226647,0.6421831165519001,0.869914853358562,0.8523028057173108,868,2000,2000,2000
33,hips_tail_both_mice,clean,0.0,0.7578625509609784,0.7199078341013825,0.7155944488321022,0.7550975232942525,0.48963133640552997,0.6135,0.9235,0.853,0.47592385218365063,0.6616338635750876,0.8592695975808328,0.8655504819888381,868,2000,2000,2000
33,hips_tail_both_mice,jitter,0.02,0.7562609202096681,0.7193479262672812,0.7144706546307722,0.7539180086568167,0.49539170506912444,0.6075,0.922,0.8525,0.47513812154696133,0.6572896943467677,0.8588728458313927,0.866581956797967,868,2000,2000,2000
33,hips_tail_both_mice,jitter,0.05,0.7479615608619685,0.71874366359447,0.7096537761467366,0.7478143725242249,0.5414746543778802,0.5675,0.921,0.845,0.47812817904374366,0.631432545201669,0.8563458856345886,0.8727084947069456,868,2000,2000,2000
33,hips_tail_both_mice,jitter,0.1,0.7144729178800233,0.7069475806451613,0.6848410808293115,0.7210814819274767,0.6612903225806451,0.4605,0.8825,0.8235,0.46496557310652087,0.5548192771084337,0.8404761904761905,0.8791032826261009,868,2000,2000,2000
33,hips_tail_both_mice,dropout,0.05,0.7569889341875364,0.7180167050691244,0.7138762046003764,0.7540409389722632,0.4815668202764977,0.613,0.9245,0.853,0.4701912260967379,0.6603824400754107,0.8596001859600186,0.865330966269338,868,2000,2000,2000
33,hips_tail_both_mice,dropout,0.15,0.7532032615026208,0.7098761520737328,0.7067009670850393,0.7497584997342965,0.4470046082949309,0.616,0.923,0.8535,0.4454649827784156,0.6561917443408788,0.860405499883477,0.8647416413373861,868,2000,2000,2000
33,hips_tail_both_mice,dropout,0.3,0.7488351776354106,0.7013986175115208,0.6990376601022077,0.7445594953626957,0.41359447004608296,0.618,0.9215,0.8525,0.42285041224970554,0.6513833992094862,0.8584070796460177,0.8635097493036211,868,2000,2000,2000
33,hips_tail_both_mice,temporal_subsample,2.0,0.7518928363424577,0.7082620967741936,0.7048619715891109,0.7487237629662082,0.4435483870967742,0.6135,0.9245,0.8515,0.43874643874643876,0.6545745532141904,0.8610011641443539,0.8651257302514606,868,2000,2000,2000
33,hips_tail_both_mice,temporal_subsample,3.0,0.7447582993593477,0.6961054147465437,0.6932736195687861,0.7408838093264171,0.4009216589861751,0.6085,0.922,0.853,0.4044160371876816,0.6432346723044398,0.8596736596736597,0.8657701091093631,868,2000,2000,2000
33,hips_tail_both_mice,temporal_subsample,5.0,0.7411182294700058,0.6911872119815669,0.6882211976589183,0.7373670899627168,0.3882488479262673,0.6045,0.9215,0.8505,0.3900462962962963,0.6396825396825396,0.8586070347076636,0.864548919949174,868,2000,2000,2000
33,resident_only_full_body,clean,0.0,0.5827023878858474,0.6143629032258064,0.6067891995457777,0.5824073927962596,0.8064516129032258,0.6075,0.541,0.5025,0.7547169811320755,0.540120026672594,0.5994459833795014,0.5328738069989396,868,2000,2000,2000
33,resident_only_full_body,jitter,0.02,0.5439720442632499,0.5858404377880184,0.5605507787031648,0.5308328317067419,0.8398617511520737,0.5935,0.6095,0.3005,0.7408536585365854,0.526035896299579,0.5927546802820326,0.3825588796944621,868,2000,2000,2000
33,resident_only_full_body,jitter,0.05,0.41045428072218987,0.4826267281105991,0.3711273213041608,0.3511556483848787,0.9205069124423964,0.3355,0.63,0.0445,0.492298213185459,0.4032451923076923,0.5081669691470054,0.08079891057648661,868,2000,2000,2000
33,resident_only_full_body,jitter,0.1,0.3255678509027373,0.4076324884792627,0.26040645017552216,0.23938333870263623,0.9055299539170507,0.107,0.614,0.004,0.38795656465942746,0.1737012987012987,0.47203536421295406,0.007932573128408527,868,2000,2000,2000
33,resident_only_full_body,dropout,0.05,0.5784799068142108,0.6081296082949309,0.6024547996834921,0.5786086436820309,0.7880184331797235,0.605,0.5345,0.505,0.7471327143637356,0.5368234250221828,0.5937239655651207,0.5321390937829295,868,2000,2000,2000
33,resident_only_full_body,dropout,0.15,0.5746942341292953,0.6027603686635945,0.600902691207654,0.5757497149526185,0.7730414746543779,0.6035,0.5285,0.506,0.7535092644581696,0.53125,0.5906677842972897,0.5281837160751566,868,2000,2000,2000
33,resident_only_full_body,dropout,0.3,0.5643564356435643,0.5872016129032258,0.5916044071877558,0.566807696200065,0.7258064516129032,0.603,0.5075,0.5125,0.7420494699646644,0.5236647850629613,0.5765407554671969,0.5241626182562005,868,2000,2000,2000
33,resident_only_full_body,temporal_subsample,2.0,0.5754222481071637,0.6103951612903226,0.5973232876896204,0.5728046066095049,0.8225806451612904,0.622,0.5505,0.4465,0.7460815047021944,0.5400477534187107,0.594331983805668,0.5088319088319089,868,2000,2000,2000
33,resident_only_full_body,temporal_subsample,3.0,0.5538730343622598,0.5891238479262673,0.5713565400775228,0.5502441915221054,0.8029953917050692,0.588,0.549,0.4165,0.6994480682388359,0.5172641301957335,0.5817218543046357,0.4869921075708857,868,2000,2000,2000
33,resident_only_full_body,temporal_subsample,5.0,0.516598718695399,0.5608732718894008,0.5271459657549561,0.5114182650447855,0.8294930875576036,0.489,0.5345,0.3905,0.622568093385214,0.45926273773186194,0.5588081547307894,0.46794487717195926,868,2000,2000,2000
33,intruder_only_full_body,clean,0.0,0.4630168899242865,0.4750967741935484,0.4732536601150219,0.46680494522495597,0.5483870967741935,0.544,0.514,0.294,0.5123789020452099,0.41534644016033595,0.5976744186046512,0.3676148796498906,868,2000,2000,2000
33,intruder_only_full_body,jitter,0.02,0.4458357600465929,0.46377016129032256,0.4372461051034457,0.42947318903175025,0.5725806451612904,0.5335,0.584,0.165,0.4844054580896686,0.41908876669285156,0.6022170662541892,0.24327312937707335,868,2000,2000,2000
33,intruder_only_full_body,jitter,0.05,0.3976412347117065,0.43592569124423963,0.3500338072096121,0.34481376740694064,0.6682027649769585,0.3835,0.668,0.024,0.38170450806186246,0.38197211155378485,0.5921985815602837,0.04426002766251729,868,2000,2000,2000
33,intruder_only_full_body,jitter,0.1,0.3523587652882935,0.41123329493087557,0.3003307052035743,0.29710457582418304,0.7684331797235023,0.218,0.656,0.0025,0.3199040767386091,0.2750788643533123,0.6014210405684163,0.004918839153959666,868,2000,2000,2000
33,intruder_only_full_body,dropout,0.05,0.4611240535818288,0.47314573732718895,0.47207759054043386,0.4648747824914888,0.5460829493087558,0.553,0.499,0.2945,0.515778019586507,0.4185430463576159,0.5879234167893962,0.3660658794282163,868,2000,2000,2000
33,intruder_only_full_body,dropout,0.15,0.45253348864298193,0.4626733870967742,0.4637120817171369,0.456907824060292,0.5241935483870968,0.5595,0.4675,0.2995,0.5049944506104328,0.4174594292109681,0.5658093797276853,0.36658506731946144,868,2000,2000,2000
33,intruder_only_full_body,dropout,0.3,0.4357891671520093,0.4412885944700461,0.4456147474764858,0.43996264795067325,0.47465437788018433,0.5745,0.4125,0.3035,0.47990681421083287,0.41630434782608694,0.5236432878451285,0.36260454002389486,868,2000,2000,2000
33,intruder_only_full_body,temporal_subsample,2.0,0.43535235876528827,0.44335887096774196,0.44211807989306723,0.438489951509992,0.49193548387096775,0.5395,0.465,0.277,0.4641304347826087,0.40419554223637383,0.5535714285714286,0.34657491398185797,868,2000,2000,2000
33,intruder_only_full_body,temporal_subsample,3.0,0.41511357018054745,0.425331797235023,0.42219634831475505,0.41689668085811116,0.4873271889400922,0.5465,0.4035,0.264,0.45435016111707843,0.3985414767547858,0.505480739116818,0.3304130162703379,868,2000,2000,2000
33,intruder_only_full_body,temporal_subsample,5.0,0.3915259172976121,0.4001912442396313,0.3956559406691814,0.39225110311603234,0.45276497695852536,0.528,0.3615,0.2585,0.4163135593220339,0.38568298027757486,0.4610969387755102,0.3195302843016069,868,2000,2000,2000
44,full_body_both_mice,clean,0.0,0.786375,0.7863749999999999,0.7855294003679302,0.7855294003679302,0.7995,0.631,0.92,0.795,0.75853889943074,0.6566077003121749,0.8712121212121212,0.8557588805166846,2000,2000,2000,2000
44,full_body_both_mice,jitter,0.02,0.786375,0.786375,0.7853768982754055,0.7853768982754055,0.805,0.626,0.92,0.7945,0.7583608101742817,0.6558407543216344,0.8716248223590716,0.8556812062466344,2000,2000,2000,2000
44,full_body_both_mice,jitter,0.05,0.784625,0.7846249999999999,0.7823884271150614,0.7823884271150614,0.8485,0.586,0.9225,0.7815,0.7562388591800356,0.6462641301350979,0.8769011406844106,0.8501495784607016,2000,2000,2000,2000
44,full_body_both_mice,jitter,0.1,0.760375,0.760375,0.7546452445319286,0.7546452445319287,0.914,0.477,0.914,0.7365,0.7307615430741555,0.585995085995086,0.875688622754491,0.826135726303982,2000,2000,2000,2000
44,full_body_both_mice,dropout,0.05,0.785875,0.7858750000000001,0.7851936902298957,0.7851936902298956,0.7975,0.6325,0.919,0.7945,0.7573599240265907,0.6556102617258357,0.8721233689205219,0.8556812062466344,2000,2000,2000,2000
44,full_body_both_mice,dropout,0.15,0.78425,0.78425,0.7837486276474801,0.78374862764748,0.7875,0.6355,0.9185,0.7955,0.7532281205164992,0.6541430777148739,0.8724768463547851,0.8551464660037624,2000,2000,2000,2000
44,full_body_both_mice,dropout,0.3,0.781375,0.7813749999999999,0.7811984374861594,0.7811984374861595,0.771,0.6395,0.9185,0.7965,0.7445678416224046,0.6513878278584161,0.8733063941050629,0.855531686358754,2000,2000,2000,2000
44,full_body_both_mice,temporal_subsample,2.0,0.786,0.786,0.784841746385746,0.784841746385746,0.8045,0.6225,0.921,0.796,0.7571764705882353,0.6549184639663335,0.8711279262236935,0.8561441247647217,2000,2000,2000,2000
44,full_body_both_mice,temporal_subsample,3.0,0.783625,0.783625,0.78273339556477,0.7827333955647701,0.7985,0.6215,0.921,0.7935,0.7525918944392083,0.6492556803342909,0.8740213523131672,0.8550646551724138,2000,2000,2000,2000
44,full_body_both_mice,temporal_subsample,5.0,0.781,0.781,0.7798283541318829,0.7798283541318829,0.8015,0.609,0.921,0.7925,0.7506438773121049,0.6410526315789473,0.8733997155049786,0.8542171921315009,2000,2000,2000,2000
44,head_neck_both_mice,clean,0.0,0.75425,0.75425,0.7559271389379988,0.7559271389379988,0.721,0.664,0.923,0.709,0.729757085020243,0.6239135541461123,0.8650421743205249,0.8049957422651149,2000,2000,2000,2000
44,head_neck_both_mice,jitter,0.02,0.752875,0.752875,0.7543891312000244,0.7543891312000243,0.7245,0.6595,0.923,0.7045,0.7299748110831235,0.6221698113207547,0.8630201028517999,0.8023917995444191,2000,2000,2000,2000
44,head_neck_both_mice,jitter,0.05,0.7375,0.7375,0.7373898677120108,0.7373898677120109,0.756,0.5955,0.9255,0.673,0.7143869596031184,0.5922426653406265,0.8569444444444444,0.785985401459854,2000,2000,2000,2000
44,head_neck_both_mice,jitter,0.1,0.690125,0.690125,0.6810200351693216,0.6810200351693216,0.8195,0.395,0.925,0.621,0.6685702631042219,0.47547396930484503,0.8257085471992859,0.754327361068934,2000,2000,2000,2000
44,head_neck_both_mice,dropout,0.05,0.7545,0.7545,0.7562518163825706,0.7562518163825703,0.7225,0.665,0.9225,0.708,0.7312753036437247,0.6238273921200751,0.8655876143560872,0.8043169554103948,2000,2000,2000,2000
44,head_neck_both_mice,dropout,0.15,0.754125,0.7541249999999999,0.7559758151685763,0.7559758151685764,0.716,0.6695,0.9225,0.7085,0.7285677944543373,0.6251167133520075,0.8657907085875176,0.8044280442804428,2000,2000,2000,2000
44,head_neck_both_mice,dropout,0.3,0.75,0.75,0.7523808208440061,0.7523808208440061,0.7055,0.6715,0.9165,0.7065,0.7206332992849847,0.6206099815157117,0.8654390934844193,0.8028409090909091,2000,2000,2000,2000
44,head_neck_both_mice,temporal_subsample,2.0,0.75375,0.75375,0.755155508957768,0.755155508957768,0.731,0.655,0.9245,0.7045,0.7311827956989247,0.6208530805687204,0.8666510428872745,0.8019351166761526,2000,2000,2000,2000
44,head_neck_both_mice,temporal_subsample,3.0,0.75275,0.75275,0.7540045446479858,0.7540045446479856,0.7465,0.64,0.921,0.7035,0.7345633456334564,0.6137616878446416,0.8662120855866448,0.8014810595272003,2000,2000,2000,2000
44,head_neck_both_mice,temporal_subsample,5.0,0.75175,0.7517499999999999,0.7528232216197355,0.7528232216197355,0.751,0.6315,0.921,0.7035,0.7333984375,0.6099975851243661,0.8664158043273753,0.8014810595272003,2000,2000,2000,2000
44,no_tail_both_mice,clean,0.0,0.771,0.771,0.7711001170303948,0.7711001170303949,0.713,0.662,0.9205,0.7885,0.7214773589678725,0.6557701832590391,0.8531047265987025,0.8540481992959653,2000,2000,2000,2000
44,no_tail_both_mice,jitter,0.02,0.771,0.771,0.7710951335268834,0.7710951335268835,0.7175,0.6595,0.921,0.786,0.7227398640141023,0.654753040456689,0.8541618363088338,0.8527257933279089,2000,2000,2000,2000
44,no_tail_both_mice,jitter,0.05,0.7695,0.7695,0.7693849117357547,0.7693849117357547,0.7375,0.6435,0.922,0.775,0.7266009852216748,0.6486895161290323,0.8554859661331478,0.8467631794591641,2000,2000,2000,2000
44,no_tail_both_mice,jitter,0.1,0.74825,0.74825,0.7457459312098174,0.7457459312098174,0.838,0.532,0.893,0.73,0.7211703958691911,0.6012998022040125,0.837514654161782,0.8229988726042841,2000,2000,2000,2000
44,no_tail_both_mice,dropout,0.05,0.772,0.772,0.7721898788173069,0.7721898788173068,0.715,0.6645,0.921,0.7875,0.7236842105263158,0.6562962962962963,0.8553517529602972,0.853427255486318,2000,2000,2000,2000
44,no_tail_both_mice,dropout,0.15,0.771125,0.7711250000000001,0.7713392632594049,0.7713392632594049,0.712,0.664,0.9205,0.788,0.7213779128672746,0.6551554020720276,0.8550859266140269,0.8537378114842904,2000,2000,2000,2000
44,no_tail_both_mice,dropout,0.3,0.771875,0.7718750000000001,0.7722210013927345,0.7722210013927346,0.7115,0.6665,0.921,0.7885,0.7238046795523907,0.6537518391368318,0.8577415599534343,0.8535859269282815,2000,2000,2000,2000
44,no_tail_both_mice,temporal_subsample,2.0,0.772,0.772,0.7719832348318043,0.7719832348318043,0.7155,0.661,0.923,0.7885,0.7236409608091025,0.6565681648870126,0.8534442903374942,0.8542795232936078,2000,2000,2000,2000
44,no_tail_both_mice,temporal_subsample,3.0,0.772875,0.772875,0.7730028420120767,0.7730028420120766,0.726,0.6585,0.9205,0.7865,0.7283671933784801,0.655223880597015,0.8546889507892294,0.8537313432835821,2000,2000,2000,2000
44,no_tail_both_mice,temporal_subsample,5.0,0.771,0.771,0.7710995700884777,0.7710995700884776,0.724,0.653,0.921,0.786,0.7269076305220884,0.6502364948966891,0.8533703961084086,0.8538837588267246,2000,2000,2000,2000
44,trunk_tail_both_mice,clean,0.0,0.77875,0.77875,0.7766254993480382,0.7766254993480382,0.7775,0.596,0.9085,0.833,0.7475961538461539,0.6318579379803869,0.8633879781420765,0.8636599274235355,2000,2000,2000,2000
44,trunk_tail_both_mice,jitter,0.02,0.77625,0.77625,0.7738812374211279,0.7738812374211279,0.7805,0.584,0.9085,0.832,0.7442193087008343,0.6239316239316239,0.8631828978622328,0.8641911191898208,2000,2000,2000,2000
44,trunk_tail_both_mice,jitter,0.05,0.764,0.764,0.7593170483763354,0.7593170483763354,0.816,0.516,0.914,0.81,0.7288968289414918,0.5910652920962199,0.8608429479632682,0.8564631245043616,2000,2000,2000,2000
44,trunk_tail_both_mice,jitter,0.1,0.73425,0.73425,0.7214368079513771,0.7214368079513772,0.9065,0.3675,0.9095,0.7535,0.7038043478260869,0.49478290138000675,0.8547932330827067,0.8323667495167081,2000,2000,2000,2000
44,trunk_tail_both_mice,dropout,0.05,0.778875,0.7788750000000001,0.7768177469942286,0.7768177469942287,0.777,0.597,0.909,0.8325,0.7474747474747475,0.6317460317460317,0.8646848989298455,0.8633653098262899,2000,2000,2000,2000
44,trunk_tail_both_mice,dropout,0.15,0.777125,0.777125,0.7750937539140482,0.7750937539140483,0.772,0.596,0.908,0.8325,0.7449939686369119,0.629023746701847,0.8645560580814092,0.8618012422360248,2000,2000,2000,2000
44,trunk_tail_both_mice,dropout,0.3,0.775875,0.775875,0.7739461824475734,0.7739461824475734,0.7635,0.5965,0.908,0.8355,0.740722774678632,0.626904887020494,0.8641446585772068,0.8640124095139607,2000,2000,2000,2000
44,trunk_tail_both_mice,temporal_subsample,2.0,0.77925,0.77925,0.7770926084925992,0.7770926084925993,0.7875,0.5895,0.9065,0.8335,0.748574144486692,0.6284648187633263,0.8658070678127985,0.8655244029075805,2000,2000,2000,2000
44,trunk_tail_both_mice,temporal_subsample,3.0,0.77775,0.7777499999999999,0.775422132068751,0.775422132068751,0.7865,0.583,0.9085,0.833,0.7476235741444867,0.622032542011203,0.8679245283018868,0.8641078838174274,2000,2000,2000,2000
44,trunk_tail_both_mice,temporal_subsample,5.0,0.773375,0.7733749999999999,0.7707449654007645,0.7707449654007644,0.7785,0.572,0.9105,0.8325,0.7387900355871886,0.6142281879194631,0.8657000237699073,0.8642616143264988,2000,2000,2000,2000
44,hips_tail_both_mice,clean,0.0,0.7705,0.7705,0.7724861305334814,0.7724861305334813,0.74,0.676,0.902,0.764,0.7330361565131253,0.6489080873530118,0.8675162298629479,0.8404840484048405,2000,2000,2000,2000
44,hips_tail_both_mice,jitter,0.02,0.770875,0.770875,0.7726536372833748,0.7726536372833748,0.7485,0.666,0.903,0.766,0.7345436702649657,0.6459747817652765,0.8676435263031468,0.8424525708001099,2000,2000,2000,2000
44,hips_tail_both_mice,jitter,0.05,0.76525,0.76525,0.7650910112982865,0.7650910112982865,0.805,0.5965,0.905,0.7545,0.7376861397479955,0.6202235508188199,0.8664432742939205,0.83601108033241,2000,2000,2000,2000
44,hips_tail_both_mice,jitter,0.1,0.740375,0.740375,0.7328726994543737,0.7328726994543738,0.8905,0.4415,0.907,0.7225,0.7281275551921504,0.5303303303303303,0.8522433638712709,0.8207895484237433,2000,2000,2000,2000
44,hips_tail_both_mice,dropout,0.05,0.768375,0.768375,0.770495261796989,0.7704952617969891,0.7315,0.6755,0.9025,0.764,0.7278606965174129,0.6456391875746714,0.8679971146910315,0.8404840484048405,2000,2000,2000,2000
44,hips_tail_both_mice,dropout,0.15,0.76475,0.76475,0.7671325522717851,0.7671325522717852,0.716,0.6765,0.9015,0.765,0.7181544633901705,0.6413842142687841,0.867870036101083,0.8411214953271028,2000,2000,2000,2000
44,hips_tail_both_mice,dropout,0.3,0.76175,0.7617499999999999,0.7643220851364451,0.7643220851364452,0.7005,0.6795,0.9,0.767,0.7090080971659919,0.6392285983066792,0.8664259927797834,0.842625652293326,2000,2000,2000,2000
44,hips_tail_both_mice,temporal_subsample,2.0,0.7705,0.7705000000000001,0.7729129380537688,0.7729129380537688,0.741,0.6745,0.9015,0.765,0.7314906219151036,0.6442215854823304,0.8748180494905385,0.8411214953271028,2000,2000,2000,2000
44,hips_tail_both_mice,temporal_subsample,3.0,0.771,0.771,0.773461749561382,0.773461749561382,0.7445,0.6725,0.9025,0.7645,0.7318751536003932,0.6432329029172644,0.8777048383175298,0.841034103410341,2000,2000,2000,2000
44,hips_tail_both_mice,temporal_subsample,5.0,0.763375,0.763375,0.7660039996523261,0.7660039996523261,0.727,0.6645,0.8985,0.7635,0.7182020251914053,0.6339136656331982,0.8712727272727273,0.8406275805119736,2000,2000,2000,2000
44,resident_only_full_body,clean,0.0,0.599,0.599,0.602619719193607,0.602619719193607,0.7635,0.7135,0.457,0.462,0.8346542771248975,0.5605971321940679,0.48903156768325307,0.5261958997722096,2000,2000,2000,2000
44,resident_only_full_body,jitter,0.02,0.5895,0.5895,0.5891889895375332,0.5891889895375332,0.7865,0.6285,0.604,0.339,0.8387096774193549,0.5298208640674394,0.5371276122721209,0.45109780439121755,2000,2000,2000,2000
44,resident_only_full_body,jitter,0.05,0.50625,0.5062500000000001,0.4547581891394379,0.4547581891394379,0.8275,0.3405,0.7885,0.0685,0.7845461009717942,0.3903697334479794,0.5228779840848806,0.12123893805309735,2000,2000,2000,2000
44,resident_only_full_body,jitter,0.1,0.443375,0.44337499999999996,0.349849560998926,0.349849560998926,0.753,0.1225,0.893,0.005,0.6908256880733945,0.196,0.5027445460942997,0.009828009828009828,2000,2000,2000,2000
44,resident_only_full_body,dropout,0.05,0.59775,0.59775,0.6015459244826524,0.6015459244826524,0.757,0.7175,0.451,0.4655,0.8323254535459044,0.5609851446442533,0.4859913793103448,0.5268817204301075,2000,2000,2000,2000
44,resident_only_full_body,dropout,0.15,0.5955,0.5954999999999999,0.5995123927931701,0.59951239279317,0.746,0.7285,0.4385,0.469,0.8286587059150236,0.5610319599537928,0.4797592997811816,0.5285996055226825,2000,2000,2000,2000
44,resident_only_full_body,dropout,0.3,0.5855,0.5855,0.5900299476018482,0.5900299476018483,0.7125,0.7375,0.417,0.475,0.8108108108108109,0.55765595463138,0.46475341320702146,0.5268996117581808,2000,2000,2000,2000
44,resident_only_full_body,temporal_subsample,2.0,0.597375,0.597375,0.599470854766665,0.599470854766665,0.7755,0.699,0.494,0.421,0.8294117647058824,0.5535537517323302,0.5107262858619799,0.5041916167664671,2000,2000,2000,2000
44,resident_only_full_body,temporal_subsample,3.0,0.581625,0.5816250000000001,0.5829435401146248,0.5829435401146248,0.7885,0.63,0.503,0.405,0.8177339901477833,0.5243445692883895,0.49654491609081935,0.4931506849315068,2000,2000,2000,2000
44,resident_only_full_body,temporal_subsample,5.0,0.5595,0.5595,0.5565833003673506,0.5565833003673506,0.809,0.54,0.509,0.38,0.78429471643238,0.48,0.49072065557965777,0.47131782945736433,2000,2000,2000,2000
44,intruder_only_full_body,clean,0.0,0.56625,0.56625,0.5649637359224008,0.5649637359224008,0.8125,0.532,0.5325,0.388,0.7537105751391465,0.4523809523809524,0.607529948659441,0.44623346751006326,2000,2000,2000,2000
44,intruder_only_full_body,jitter,0.02,0.539625,0.539625,0.528027084094515,0.5280270840945148,0.811,0.4725,0.597,0.278,0.7377757561974073,0.421875,0.5943255350920856,0.35813204508856683,2000,2000,2000,2000
44,intruder_only_full_body,jitter,0.05,0.495125,0.49512500000000004,0.45267587378496527,0.4526758737849652,0.8115,0.265,0.747,0.157,0.6985151710781149,0.31585220500595945,0.5621825023518344,0.23415361670395227,2000,2000,2000,2000
44,intruder_only_full_body,jitter,0.1,0.469,0.46900000000000003,0.4023507779420711,0.402350777942071,0.7865,0.17,0.8235,0.096,0.651615575807788,0.22841787033926772,0.5712799167533819,0.15808974886784685,2000,2000,2000,2000
44,intruder_only_full_body,dropout,0.05,0.56275,0.56275,0.5619023263583673,0.5619023263583675,0.8085,0.537,0.518,0.3875,0.7529685681024447,0.45192509993688196,0.5988439306358382,0.4438717067583047,2000,2000,2000,2000
44,intruder_only_full_body,dropout,0.15,0.554875,0.554875,0.5549422987728501,0.55494229877285,0.7965,0.5385,0.491,0.3935,0.7492944496707432,0.44809652589972954,0.5784977908689249,0.4438804286520023,2000,2000,2000,2000
44,intruder_only_full_body,dropout,0.3,0.53925,0.53925,0.5403955642380621,0.5403955642380622,0.77,0.5475,0.44,0.3995,0.7354345749761223,0.4430507788792231,0.5415384615384615,0.44155844155844154,2000,2000,2000,2000
44,intruder_only_full_body,temporal_subsample,2.0,0.5565,0.5565,0.5537630378675836,0.5537630378675836,0.8145,0.5345,0.4965,0.3805,0.7401181281235802,0.45219966159052455,0.5841176470588235,0.4386167146974063,2000,2000,2000,2000
44,intruder_only_full_body,temporal_subsample,3.0,0.541125,0.541125,0.5353310078094361,0.5353310078094361,0.826,0.538,0.443,0.3575,0.7342222222222222,0.4472152950955943,0.5404086611771882,0.4194778527427398,2000,2000,2000,2000
44,intruder_only_full_body,temporal_subsample,5.0,0.525375,0.5253749999999999,0.5152615813063312,0.5152615813063313,0.833,0.5375,0.4035,0.3275,0.7213682615284693,0.4450424342786173,0.5012422360248447,0.3933933933933934,2000,2000,2000,2000
55,full_body_both_mice,clean,0.0,0.754375,0.754375,0.7564523181152741,0.756452318115274,0.6815,0.663,0.9365,0.7365,0.6803094584477165,0.6282871357498223,0.8864174159962139,0.8307952622673435,2000,2000,2000,2000
55,full_body_both_mice,jitter,0.02,0.752,0.752,0.7540449971741985,0.7540449971741985,0.6895,0.6485,0.936,0.734,0.6798126694601923,0.6210198707206129,0.8857345635202271,0.8296128849957615,2000,2000,2000,2000
55,full_body_both_mice,jitter,0.05,0.739875,0.739875,0.7408946824146625,0.7408946824146624,0.741,0.5495,0.9325,0.7365,0.6757865937072504,0.5681054536055828,0.8834675509237329,0.8362191314220835,2000,2000,2000,2000
55,full_body_both_mice,jitter,0.1,0.6815,0.6815,0.6796641376361784,0.6796641376361785,0.839,0.355,0.819,0.713,0.626704014939309,0.4407200496585971,0.8245658192801409,0.8266666666666667,2000,2000,2000,2000
55,full_body_both_mice,dropout,0.05,0.75425,0.7542500000000001,0.7563197273368973,0.7563197273368973,0.678,0.6665,0.937,0.7355,0.6796992481203008,0.6293673276676109,0.8858425904041598,0.8303697431555179,2000,2000,2000,2000
55,full_body_both_mice,dropout,0.15,0.752375,0.752375,0.7545051321698943,0.7545051321698943,0.665,0.671,0.9375,0.736,0.6722264341672984,0.6290133583313804,0.8863152918931695,0.8304654442877292,2000,2000,2000,2000
55,full_body_both_mice,dropout,0.3,0.754375,0.754375,0.7563902377241769,0.756390237724177,0.658,0.682,0.9405,0.737,0.6728016359918201,0.6339762956077155,0.8878923766816144,0.830890642615558,2000,2000,2000,2000
55,full_body_both_mice,temporal_subsample,2.0,0.757375,0.7573749999999999,0.7592069333653415,0.7592069333653415,0.689,0.6655,0.94,0.735,0.6852312282446544,0.6335078534031413,0.8880491261218706,0.8300395256916996,2000,2000,2000,2000
55,full_body_both_mice,temporal_subsample,3.0,0.75525,0.7552499999999999,0.7571526489958745,0.7571526489958744,0.693,0.655,0.938,0.735,0.6846134848110644,0.627094303494495,0.8861596598960794,0.8307431477818593,2000,2000,2000,2000
55,full_body_both_mice,temporal_subsample,5.0,0.751,0.7509999999999999,0.7531888127135284,0.7531888127135283,0.688,0.6455,0.9385,0.732,0.6764995083579154,0.6181469954512808,0.8874704491725768,0.8306382978723404,2000,2000,2000,2000
55,head_neck_both_mice,clean,0.0,0.725125,0.725125,0.7276616428449618,0.7276616428449617,0.542,0.74,0.927,0.6915,0.632992700729927,0.6101834673263244,0.8898488120950324,0.7776215912285634,2000,2000,2000,2000
55,head_neck_both_mice,jitter,0.02,0.72575,0.7257499999999999,0.7282977430640547,0.7282977430640547,0.5495,0.736,0.928,0.6895,0.6365479293368086,0.6104084594650633,0.8886760833133828,0.7775585001409642,2000,2000,2000,2000
55,head_neck_both_mice,jitter,0.05,0.724125,0.7241249999999999,0.7272990282462898,0.7272990282462898,0.5995,0.698,0.928,0.671,0.6519847743338771,0.6006884681583476,0.88191969588976,0.7746031746031746,2000,2000,2000,2000
55,head_neck_both_mice,jitter,0.1,0.6765,0.6765000000000001,0.6805915364657631,0.6805915364657631,0.7045,0.493,0.879,0.6295,0.6144788486698648,0.49672544080604536,0.8511256354393609,0.7600362209477814,2000,2000,2000,2000
55,head_neck_both_mice,dropout,0.05,0.724625,0.724625,0.727111420997737,0.7271114209977371,0.538,0.742,0.927,0.6915,0.6303456356180434,0.6101973684210527,0.8900624099855977,0.7778402699662542,2000,2000,2000,2000
55,head_neck_both_mice,dropout,0.15,0.723,0.7230000000000001,0.7253196989829309,0.7253196989829309,0.527,0.7475,0.926,0.6915,0.6240378922439314,0.610079575596817,0.8891022563610178,0.7780590717299578,2000,2000,2000,2000
55,head_neck_both_mice,dropout,0.3,0.717125,0.7171249999999999,0.7190505297775527,0.7190505297775528,0.5045,0.749,0.924,0.691,0.6056422569027611,0.6052525252525253,0.8882480173035328,0.7770593196513916,2000,2000,2000,2000
55,head_neck_both_mice,temporal_subsample,2.0,0.7255,0.7255,0.7276820265138625,0.7276820265138624,0.54,0.7405,0.9275,0.694,0.632688927943761,0.6119834710743801,0.8864994026284349,0.7795563044088739,2000,2000,2000,2000
55,head_neck_both_mice,temporal_subsample,3.0,0.72625,0.7262500000000001,0.7290783998731871,0.729078399873187,0.553,0.7365,0.923,0.6925,0.6393063583815028,0.6109498133554542,0.8864345738295318,0.7796228539262595,2000,2000,2000,2000
55,head_neck_both_mice,temporal_subsample,5.0,0.722875,0.7228749999999999,0.7259469062271655,0.7259469062271655,0.553,0.726,0.9215,0.691,0.636546762589928,0.6038677479725515,0.8847815650504081,0.7785915492957747,2000,2000,2000,2000
55,no_tail_both_mice,clean,0.0,0.738,0.738,0.7402417575853362,0.7402417575853362,0.618,0.6655,0.9285,0.74,0.6415779911757072,0.6132227597327805,0.8747056052755534,0.8314606741573034,2000,2000,2000,2000
55,no_tail_both_mice,jitter,0.02,0.73625,0.73625,0.7385113140442467,0.7385113140442469,0.622,0.6545,0.928,0.7405,0.6407416945660571,0.6079888527635857,0.8725905030559473,0.8327242057913973,2000,2000,2000,2000
55,no_tail_both_mice,jitter,0.05,0.727625,0.727625,0.7296564087917634,0.7296564087917635,0.6515,0.597,0.932,0.73,0.6437747035573123,0.5768115942028985,0.8692002797854977,0.8288390576213455,2000,2000,2000,2000
55,no_tail_both_mice,jitter,0.1,0.695875,0.695875,0.6924950721227451,0.6924950721227451,0.752,0.411,0.9355,0.685,0.6375582874099195,0.463229078613694,0.8652023121387283,0.8039906103286385,2000,2000,2000,2000
55,no_tail_both_mice,dropout,0.05,0.73725,0.7372500000000001,0.7394970619513763,0.7394970619513765,0.612,0.6675,0.9285,0.741,0.6383311603650587,0.6128069772779435,0.8744996468095126,0.8323504633529908,2000,2000,2000,2000
55,no_tail_both_mice,dropout,0.15,0.73575,0.7357499999999999,0.7380157314235085,0.7380157314235084,0.6055,0.6695,0.928,0.74,0.6335338739210045,0.6123942373656529,0.8744405182567727,0.8316942961506041,2000,2000,2000,2000
55,no_tail_both_mice,dropout,0.3,0.7335,0.7335,0.7359992772287854,0.7359992772287856,0.592,0.6755,0.925,0.7415,0.6277836691410392,0.6096570397111913,0.8738781294284365,0.832678270634475,2000,2000,2000,2000
55,no_tail_both_mice,temporal_subsample,2.0,0.73725,0.73725,0.7395422084994038,0.7395422084994038,0.6155,0.6635,0.9315,0.7385,0.6403120936280884,0.6099747184555274,0.8767058823529412,0.831176139561058,2000,2000,2000,2000
55,no_tail_both_mice,temporal_subsample,3.0,0.7365,0.7365,0.7390195090568652,0.7390195090568652,0.6305,0.652,0.927,0.7365,0.647663071391885,0.6048237476808905,0.8734982332155476,0.8300929839391378,2000,2000,2000,2000
55,no_tail_both_mice,temporal_subsample,5.0,0.736,0.736,0.7385042246224076,0.7385042246224075,0.6325,0.6475,0.927,0.737,0.6460674157303371,0.6035889070146819,0.8737040527803959,0.8306565229642153,2000,2000,2000,2000
55,trunk_tail_both_mice,clean,0.0,0.749,0.749,0.7489189235813523,0.7489189235813521,0.664,0.658,0.9215,0.7525,0.6808510638297872,0.6377513932638721,0.8560148629818858,0.8210583742498636,2000,2000,2000,2000
55,trunk_tail_both_mice,jitter,0.02,0.74875,0.74875,0.7489128240841917,0.7489128240841917,0.671,0.659,0.9185,0.7465,0.6817373634747269,0.6394953905870936,0.8552141527001862,0.8192043895747599,2000,2000,2000,2000
55,trunk_tail_both_mice,jitter,0.05,0.7425,0.7424999999999999,0.7431319683050085,0.7431319683050085,0.693,0.6425,0.9185,0.716,0.675932699341624,0.6316048169083313,0.8598174584600983,0.8051728985099803,2000,2000,2000,2000
55,trunk_tail_both_mice,jitter,0.1,0.70325,0.7032499999999999,0.7045878435752941,0.7045878435752941,0.796,0.4945,0.865,0.6575,0.6463662200568413,0.5502086230876218,0.8482471193920078,0.7735294117647059,2000,2000,2000,2000
55,trunk_tail_both_mice,dropout,0.05,0.748125,0.7481249999999999,0.7480068677455791,0.748006867745579,0.6595,0.658,0.9225,0.7525,0.6781491002570694,0.6366715045960329,0.8561484918793504,0.8210583742498636,2000,2000,2000,2000
55,trunk_tail_both_mice,dropout,0.15,0.748,0.748,0.7477871444330033,0.7477871444330033,0.651,0.663,0.9255,0.7525,0.6744366744366744,0.6381135707410972,0.857539958304378,0.8210583742498636,2000,2000,2000,2000
55,trunk_tail_both_mice,dropout,0.3,0.74575,0.74575,0.7453713740064769,0.7453713740064768,0.641,0.664,0.9255,0.7525,0.6685788787483703,0.6372360844529751,0.8559537572254335,0.8197167755991286,2000,2000,2000,2000
55,trunk_tail_both_mice,temporal_subsample,2.0,0.748875,0.748875,0.7485604454527257,0.7485604454527258,0.658,0.66,0.9265,0.751,0.6780010303967027,0.6381435823060189,0.8604597167401904,0.8176374523679912,2000,2000,2000,2000
55,trunk_tail_both_mice,temporal_subsample,3.0,0.74675,0.74675,0.7466412246953482,0.7466412246953481,0.6565,0.6575,0.925,0.748,0.6738516807800873,0.6346525096525096,0.8614668218859138,0.8165938864628821,2000,2000,2000,2000
55,trunk_tail_both_mice,temporal_subsample,5.0,0.743,0.743,0.7427952164621274,0.7427952164621275,0.646,0.6525,0.9265,0.747,0.6656362699639361,0.6290672451193059,0.859860788863109,0.816616561902159,2000,2000,2000,2000
55,hips_tail_both_mice,clean,0.0,0.757375,0.757375,0.7574673840493679,0.7574673840493679,0.58,0.736,0.9325,0.781,0.6575963718820862,0.6519043401240036,0.8801321378008494,0.8402366863905325,2000,2000,2000,2000
55,hips_tail_both_mice,jitter,0.02,0.758375,0.7583750000000001,0.7586493662234438,0.7586493662234438,0.5895,0.7315,0.9315,0.781,0.6618018523715969,0.6521060842433697,0.8802267895109851,0.8404627387678235,2000,2000,2000,2000
55,hips_tail_both_mice,jitter,0.05,0.749625,0.749625,0.7503643207982014,0.7503643207982014,0.617,0.673,0.932,0.7765,0.6567323044172432,0.6254646840148699,0.8782096584216725,0.8410506363390198,2000,2000,2000,2000
55,hips_tail_both_mice,jitter,0.1,0.722375,0.722375,0.7213540844810279,0.7213540844810279,0.719,0.4835,0.9305,0.7565,0.6489169675090253,0.5196131112305212,0.8786591123701605,0.8382271468144045,2000,2000,2000,2000
55,hips_tail_both_mice,dropout,0.05,0.755375,0.755375,0.7553645186790473,0.7553645186790473,0.5715,0.7385,0.931,0.7805,0.6522111269614836,0.6506607929515419,0.8793388429752066,0.839247311827957,2000,2000,2000,2000
55,hips_tail_both_mice,dropout,0.15,0.752875,0.752875,0.7524907949939211,0.7524907949939211,0.5555,0.744,0.932,0.78,0.6421965317919075,0.6496398166339227,0.8798678310125089,0.8382590005373455,2000,2000,2000,2000
55,hips_tail_both_mice,dropout,0.3,0.750375,0.7503749999999999,0.7494830495499785,0.7494830495499786,0.5385,0.751,0.9305,0.7815,0.6327849588719154,0.6497945057322085,0.8763833294089945,0.8389694041867954,2000,2000,2000,2000
55,hips_tail_both_mice,temporal_subsample,2.0,0.752375,0.752375,0.7515685813359082,0.7515685813359082,0.5575,0.7365,0.935,0.7805,0.6420961704578174,0.6494708994708994,0.8779342723004695,0.8367729831144465,2000,2000,2000,2000
55,hips_tail_both_mice,temporal_subsample,3.0,0.750625,0.7506249999999999,0.7500343536274392,0.7500343536274393,0.551,0.7375,0.9315,0.7825,0.6366262276140959,0.6460797196671046,0.8791882963662104,0.838243170862346,2000,2000,2000,2000
55,hips_tail_both_mice,temporal_subsample,5.0,0.74475,0.74475,0.7439466285696168,0.7439466285696169,0.5385,0.7305,0.93,0.78,0.6261627906976744,0.6379912663755458,0.8767381569644119,0.8348943002408349,2000,2000,2000,2000
55,resident_only_full_body,clean,0.0,0.575875,0.575875,0.5764962164442471,0.576496216444247,0.803,0.5765,0.426,0.498,0.7968246092780947,0.4824267782426778,0.49722789611905455,0.529505582137161,2000,2000,2000,2000
55,resident_only_full_body,jitter,0.02,0.557875,0.5578749999999999,0.5498456935187515,0.5498456935187513,0.831,0.566,0.5025,0.332,0.7791842475386779,0.48407098567457774,0.5117107942973523,0.4244167465643976,2000,2000,2000,2000
55,resident_only_full_body,jitter,0.05,0.455875,0.45587500000000003,0.3915778155155156,0.3915778155155156,0.9045,0.2525,0.6,0.0665,0.640807651434644,0.3098159509202454,0.4994797086368366,0.1162079510703364,2000,2000,2000,2000
55,resident_only_full_body,jitter,0.1,0.408,0.40800000000000003,0.29607190203249795,0.29607190203249795,0.9455,0.0565,0.6225,0.0075,0.5574060427413412,0.09670517757809156,0.515527950310559,0.0146484375,2000,2000,2000,2000
55,resident_only_full_body,dropout,0.05,0.572625,0.572625,0.5735559449227086,0.5735559449227086,0.7955,0.577,0.4195,0.4985,0.7943085371942087,0.48073318058737763,0.4922264593722499,0.5269556025369979,2000,2000,2000,2000
55,resident_only_full_body,dropout,0.15,0.571375,0.571375,0.5735495238059028,0.5735495238059028,0.779,0.589,0.416,0.5015,0.7932790224032586,0.48367891603366864,0.4911452184179457,0.5260949383687386,2000,2000,2000,2000
55,resident_only_full_body,dropout,0.3,0.563875,0.563875,0.5680479127004384,0.5680479127004383,0.7385,0.601,0.401,0.515,0.7783926218708828,0.48176352705410824,0.48342374924653403,0.5286117526302284,2000,2000,2000,2000
55,resident_only_full_body,temporal_subsample,2.0,0.5665,0.5665,0.5633327859781257,0.5633327859781256,0.84,0.54,0.4365,0.4495,0.7841306884480747,0.46163710194486,0.492524682651622,0.5150386708679462,2000,2000,2000,2000
55,resident_only_full_body,temporal_subsample,3.0,0.55525,0.5552499999999999,0.5497674247305262,0.5497674247305262,0.8555,0.502,0.4425,0.421,0.7733333333333333,0.44083424807903404,0.4828150572831424,0.5020870602265951,2000,2000,2000,2000
55,resident_only_full_body,temporal_subsample,5.0,0.525375,0.5253749999999999,0.5145691565592818,0.5145691565592817,0.863,0.434,0.4325,0.372,0.7217227681371524,0.3974358974358974,0.473972602739726,0.46514535792435135,2000,2000,2000,2000
55,intruder_only_full_body,clean,0.0,0.4915,0.49150000000000005,0.501672375269108,0.501672375269108,0.512,0.547,0.6065,0.3005,0.617611580217129,0.4003659652333028,0.6350785340314136,0.35363342159458666,2000,2000,2000,2000
55,intruder_only_full_body,jitter,0.02,0.480125,0.480125,0.4737540046824036,0.47375400468240364,0.534,0.5075,0.6915,0.1875,0.6155619596541787,0.39242219215155616,0.6398334489937544,0.24719841793012526,2000,2000,2000,2000
55,intruder_only_full_body,jitter,0.05,0.455375,0.45537500000000003,0.41021161032381337,0.41021161032381337,0.5865,0.33,0.827,0.078,0.5838725734196117,0.3533190578158458,0.581779810059796,0.121875,2000,2000,2000,2000
55,intruder_only_full_body,jitter,0.1,0.437,0.437,0.36565395676217805,0.36565395676217805,0.6105,0.1585,0.9185,0.0605,0.5808753568030447,0.23351749539594843,0.5445383133244405,0.1036846615252785,2000,2000,2000,2000
55,intruder_only_full_body,dropout,0.05,0.48675,0.48675,0.4975627703546345,0.4975627703546345,0.4995,0.5505,0.595,0.302,0.6085897045385318,0.39912996193583467,0.6287978863936592,0.35373352855051243,2000,2000,2000,2000
55,intruder_only_full_body,dropout,0.15,0.4775,0.47750000000000004,0.48927811875368876,0.4892781187536887,0.4785,0.553,0.5745,0.304,0.5918367346938775,0.39606087735004475,0.6180742334588488,0.3511406295119838,2000,2000,2000,2000
55,intruder_only_full_body,dropout,0.3,0.457375,0.457375,0.4702444997819148,0.4702444997819149,0.43,0.569,0.522,0.3085,0.555735056542811,0.393907926618207,0.5837293821638244,0.3476056338028169,2000,2000,2000,2000
55,intruder_only_full_body,temporal_subsample,2.0,0.4785,0.4785,0.4891785426609786,0.4891785426609786,0.51,0.5535,0.5655,0.285,0.6120612061206121,0.3964189794091316,0.6108560626519038,0.33737792246226694,2000,2000,2000,2000
55,intruder_only_full_body,temporal_subsample,3.0,0.465625,0.46562499999999996,0.474694783705519,0.47469478370551904,0.508,0.571,0.5175,0.266,0.6102102102102102,0.40112399016508604,0.5682130112544607,0.31923192319231924,2000,2000,2000,2000
55,intruder_only_full_body,temporal_subsample,5.0,0.447625,0.44762499999999994,0.4554430677508463,0.4554430677508464,0.4935,0.572,0.4725,0.2525,0.5876749032450134,0.39407509472959007,0.5328446574570059,0.30717761557177614,2000,2000,2000,2000
